Game,Year,Number,Times Drawn
Mega Millions,2017,1,3
Mega Millions,2017,3,2
Mega Millions,2017,4,2
Mega Millions,2017,6,3
Mega Millions,2017,7,1
Mega Millions,2017,8,1
Mega Millions,2017,10,4
Mega Millions,2017,12,2
Mega Millions,2017,14,2
Mega Millions,2017,15,1
Mega Millions,2017,16,2
Mega Millions,2017,17,1
Mega Millions,2017,18,1
Mega Millions,2017,20,2
Mega Millions,2017,21,1
Mega Millions,2017,22,4
Mega Millions,2017,23,2
Mega Millions,2017,24,1
Mega Millions,2017,25,1
Mega Millions,2017,26,1
Mega Millions,2017,27,2
Mega Millions,2017,28,4
Mega Millions,2017,30,1
Mega Millions,2017,31,1
Mega Millions,2017,33,1
Mega Millions,2017,36,2
Mega Millions,2017,37,3
Mega Millions,2017,38,2
Mega Millions,2017,39,1
Mega Millions,2017,40,1
Mega Millions,2017,41,2
Mega Millions,2017,42,5
Mega Millions,2017,44,1
Mega Millions,2017,46,1
Mega Millions,2017,47,1
Mega Millions,2017,50,1
Mega Millions,2017,51,1
Mega Millions,2017,52,1
Mega Millions,2017,53,1
Mega Millions,2017,54,2
Mega Millions,2017,55,1
Mega Millions,2017,57,1
Mega Millions,2017,58,3
Mega Millions,2017,59,1
Mega Millions,2017,60,2
Mega Millions,2017,61,3
Mega Millions,2017,62,1
Mega Millions,2017,64,1
Mega Millions,2017,67,1
Mega Millions,2017,68,1
Mega Millions,2017,69,2
Mega Millions,2017,70,2
Mega Millions,2018,1,16
Mega Millions,2018,2,13
Mega Millions,2018,3,8
Mega Millions,2018,4,9
Mega Millions,2018,5,7
Mega Millions,2018,6,4
Mega Millions,2018,7,7
Mega Millions,2018,8,8
Mega Millions,2018,9,4
Mega Millions,2018,10,10
Mega Millions,2018,11,10
Mega Millions,2018,12,6
Mega Millions,2018,13,9
Mega Millions,2018,14,10
Mega Millions,2018,15,7
Mega Millions,2018,16,7
Mega Millions,2018,17,10
Mega Millions,2018,18,6
Mega Millions,2018,19,5
Mega Millions,2018,20,5
Mega Millions,2018,21,5
Mega Millions,2018,22,7
Mega Millions,2018,23,7
Mega Millions,2018,24,5
Mega Millions,2018,25,6
Mega Millions,2018,26,5
Mega Millions,2018,27,4
Mega Millions,2018,28,14
Mega Millions,2018,29,9
Mega Millions,2018,30,9
Mega Millions,2018,31,11
Mega Millions,2018,32,11
Mega Millions,2018,33,9
Mega Millions,2018,34,7
Mega Millions,2018,35,4
Mega Millions,2018,36,2
Mega Millions,2018,37,4
Mega Millions,2018,38,9
Mega Millions,2018,39,10
Mega Millions,2018,40,6
Mega Millions,2018,41,8
Mega Millions,2018,42,10
Mega Millions,2018,43,10
Mega Millions,2018,44,7
Mega Millions,2018,45,6
Mega Millions,2018,46,11
Mega Millions,2018,47,6
Mega Millions,2018,48,6
Mega Millions,2018,49,11
Mega Millions,2018,50,3
Mega Millions,2018,51,5
Mega Millions,2018,52,5
Mega Millions,2018,53,6
Mega Millions,2018,54,5
Mega Millions,2018,55,3
Mega Millions,2018,56,7
Mega Millions,2018,57,6
Mega Millions,2018,58,5
Mega Millions,2018,59,10
Mega Millions,2018,60,7
Mega Millions,2018,61,8
Mega Millions,2018,62,9
Mega Millions,2018,63,6
Mega Millions,2018,64,8
Mega Millions,2018,65,6
Mega Millions,2018,66,8
Mega Millions,2018,67,7
Mega Millions,2018,68,7
Mega Millions,2018,69,7
Mega Millions,2018,70,12
Mega Millions,2019,1,2
Mega Millions,2019,2,4
Mega Millions,2019,3,8
Mega Millions,2019,4,11
Mega Millions,2019,5,5
Mega Millions,2019,6,6
Mega Millions,2019,7,5
Mega Millions,2019,8,11
Mega Millions,2019,9,7
Mega Millions,2019,10,10
Mega Millions,2019,11,11
Mega Millions,2019,12,10
Mega Millions,2019,13,4
Mega Millions,2019,14,12
Mega Millions,2019,15,7
Mega Millions,2019,16,8
Mega Millions,2019,17,11
Mega Millions,2019,18,5
Mega Millions,2019,19,5
Mega Millions,2019,20,8
Mega Millions,2019,21,4
Mega Millions,2019,22,8
Mega Millions,2019,23,7
Mega Millions,2019,24,16
Mega Millions,2019,25,8
Mega Millions,2019,26,5
Mega Millions,2019,27,6
Mega Millions,2019,28,3
Mega Millions,2019,29,8
Mega Millions,2019,30,9
Mega Millions,2019,31,11
Mega Millions,2019,32,3
Mega Millions,2019,33,6
Mega Millions,2019,34,14
Mega Millions,2019,35,5
Mega Millions,2019,36,4
Mega Millions,2019,37,10
Mega Millions,2019,38,9
Mega Millions,2019,39,9
Mega Millions,2019,40,9
Mega Millions,2019,41,3
Mega Millions,2019,42,7
Mega Millions,2019,43,12
Mega Millions,2019,44,8
Mega Millions,2019,45,3
Mega Millions,2019,46,6
Mega Millions,2019,47,6
Mega Millions,2019,48,17
Mega Millions,2019,49,5
Mega Millions,2019,50,6
Mega Millions,2019,51,2
Mega Millions,2019,52,4
Mega Millions,2019,53,8
Mega Millions,2019,54,8
Mega Millions,2019,55,6
Mega Millions,2019,56,10
Mega Millions,2019,57,6
Mega Millions,2019,58,8
Mega Millions,2019,59,8
Mega Millions,2019,60,10
Mega Millions,2019,61,7
Mega Millions,2019,62,14
Mega Millions,2019,63,9
Mega Millions,2019,64,8
Mega Millions,2019,65,9
Mega Millions,2019,66,8
Mega Millions,2019,67,6
Mega Millions,2019,68,9
Mega Millions,2019,69,2
Mega Millions,2019,70,6
Mega Millions,2020,1,4
Mega Millions,2020,2,5
Mega Millions,2020,3,8
Mega Millions,2020,4,6
Mega Millions,2020,5,3
Mega Millions,2020,6,7
Mega Millions,2020,7,9
Mega Millions,2020,8,9
Mega Millions,2020,9,10
Mega Millions,2020,10,9
Mega Millions,2020,11,7
Mega Millions,2020,12,4
Mega Millions,2020,13,10
Mega Millions,2020,14,7
Mega Millions,2020,15,12
Mega Millions,2020,16,7
Mega Millions,2020,17,9
Mega Millions,2020,18,8
Mega Millions,2020,19,8
Mega Millions,2020,20,11
Mega Millions,2020,21,4
Mega Millions,2020,22,5
Mega Millions,2020,23,6
Mega Millions,2020,24,6
Mega Millions,2020,25,11
Mega Millions,2020,26,7
Mega Millions,2020,27,11
Mega Millions,2020,28,7
Mega Millions,2020,29,8
Mega Millions,2020,30,4
Mega Millions,2020,31,11
Mega Millions,2020,32,8
Mega Millions,2020,33,10
Mega Millions,2020,34,9
Mega Millions,2020,35,9
Mega Millions,2020,36,7
Mega Millions,2020,37,9
Mega Millions,2020,38,5
Mega Millions,2020,39,7
Mega Millions,2020,40,3
Mega Millions,2020,41,7
Mega Millions,2020,42,6
Mega Millions,2020,43,8
Mega Millions,2020,44,12
Mega Millions,2020,45,7
Mega Millions,2020,46,10
Mega Millions,2020,47,7
Mega Millions,2020,48,9
Mega Millions,2020,49,4
Mega Millions,2020,50,6
Mega Millions,2020,51,7
Mega Millions,2020,52,8
Mega Millions,2020,53,10
Mega Millions,2020,54,7
Mega Millions,2020,55,7
Mega Millions,2020,56,8
Mega Millions,2020,57,11
Mega Millions,2020,58,9
Mega Millions,2020,59,7
Mega Millions,2020,60,7
Mega Millions,2020,61,5
Mega Millions,2020,62,8
Mega Millions,2020,63,4
Mega Millions,2020,64,10
Mega Millions,2020,65,2
Mega Millions,2020,66,5
Mega Millions,2020,67,7
Mega Millions,2020,68,6
Mega Millions,2020,69,5
Mega Millions,2020,70,11
Mega Millions,2021,1,6
Mega Millions,2021,2,3
Mega Millions,2021,3,9
Mega Millions,2021,4,10
Mega Millions,2021,5,8
Mega Millions,2021,6,7
Mega Millions,2021,7,11
Mega Millions,2021,8,8
Mega Millions,2021,9,8
Mega Millions,2021,10,13
Mega Millions,2021,11,6
Mega Millions,2021,12,5
Mega Millions,2021,13,5
Mega Millions,2021,14,11
Mega Millions,2021,15,6
Mega Millions,2021,16,4
Mega Millions,2021,17,14
Mega Millions,2021,18,10
Mega Millions,2021,19,10
Mega Millions,2021,20,9
Mega Millions,2021,21,9
Mega Millions,2021,22,6
Mega Millions,2021,23,4
Mega Millions,2021,24,6
Mega Millions,2021,25,9
Mega Millions,2021,26,16
Mega Millions,2021,27,10
Mega Millions,2021,28,6
Mega Millions,2021,29,5
Mega Millions,2021,30,9
Mega Millions,2021,31,9
Mega Millions,2021,32,9
Mega Millions,2021,33,4
Mega Millions,2021,34,6
Mega Millions,2021,35,6
Mega Millions,2021,36,9
Mega Millions,2021,37,7
Mega Millions,2021,38,8
Mega Millions,2021,39,4
Mega Millions,2021,40,10
Mega Millions,2021,41,8
Mega Millions,2021,42,8
Mega Millions,2021,43,8
Mega Millions,2021,44,8
Mega Millions,2021,45,7
Mega Millions,2021,46,8
Mega Millions,2021,47,7
Mega Millions,2021,48,7
Mega Millions,2021,49,4
Mega Millions,2021,50,7
Mega Millions,2021,51,4
Mega Millions,2021,52,10
Mega Millions,2021,53,9
Mega Millions,2021,54,6
Mega Millions,2021,55,5
Mega Millions,2021,56,10
Mega Millions,2021,57,7
Mega Millions,2021,58,11
Mega Millions,2021,59,6
Mega Millions,2021,60,3
Mega Millions,2021,61,6
Mega Millions,2021,62,6
Mega Millions,2021,63,6
Mega Millions,2021,64,7
Mega Millions,2021,65,8
Mega Millions,2021,66,6
Mega Millions,2021,67,5
Mega Millions,2021,68,10
Mega Millions,2021,69,9
Mega Millions,2021,70,4
Mega Millions,2022,1,8
Mega Millions,2022,2,10
Mega Millions,2022,3,11
Mega Millions,2022,4,8
Mega Millions,2022,5,9
Mega Millions,2022,6,11
Mega Millions,2022,7,12
Mega Millions,2022,8,10
Mega Millions,2022,9,7
Mega Millions,2022,10,3
Mega Millions,2022,11,11
Mega Millions,2022,12,4
Mega Millions,2022,13,8
Mega Millions,2022,14,10
Mega Millions,2022,15,12
Mega Millions,2022,16,11
Mega Millions,2022,17,6
Mega Millions,2022,18,7
Mega Millions,2022,19,9
Mega Millions,2022,20,10
Mega Millions,2022,21,11
Mega Millions,2022,22,9
Mega Millions,2022,23,4
Mega Millions,2022,24,8
Mega Millions,2022,25,8
Mega Millions,2022,26,4
Mega Millions,2022,27,5
Mega Millions,2022,28,7
Mega Millions,2022,29,9
Mega Millions,2022,30,6
Mega Millions,2022,31,6
Mega Millions,2022,32,6
Mega Millions,2022,33,6
Mega Millions,2022,34,4
Mega Millions,2022,35,5
Mega Millions,2022,36,9
Mega Millions,2022,37,6
Mega Millions,2022,38,16
Mega Millions,2022,39,4
Mega Millions,2022,40,10
Mega Millions,2022,41,6
Mega Millions,2022,42,5
Mega Millions,2022,43,7
Mega Millions,2022,44,7
Mega Millions,2022,45,8
Mega Millions,2022,46,10
Mega Millions,2022,47,7
Mega Millions,2022,48,5
Mega Millions,2022,49,1
Mega Millions,2022,50,5
Mega Millions,2022,51,6
Mega Millions,2022,52,9
Mega Millions,2022,53,10
Mega Millions,2022,54,5
Mega Millions,2022,55,7
Mega Millions,2022,56,5
Mega Millions,2022,57,5
Mega Millions,2022,58,8
Mega Millions,2022,59,9
Mega Millions,2022,60,6
Mega Millions,2022,61,8
Mega Millions,2022,62,5
Mega Millions,2022,63,8
Mega Millions,2022,64,12
Mega Millions,2022,65,4
Mega Millions,2022,66,9
Mega Millions,2022,67,6
Mega Millions,2022,68,5
Mega Millions,2022,69,8
Mega Millions,2022,70,4
Mega Millions,2023,1,6
Mega Millions,2023,2,7
Mega Millions,2023,3,13
Mega Millions,2023,4,4
Mega Millions,2023,5,5
Mega Millions,2023,6,8
Mega Millions,2023,7,5
Mega Millions,2023,8,10
Mega Millions,2023,9,7
Mega Millions,2023,10,12
Mega Millions,2023,11,5
Mega Millions,2023,12,10
Mega Millions,2023,13,9
Mega Millions,2023,14,6
Mega Millions,2023,15,10
Mega Millions,2023,16,7
Mega Millions,2023,17,7
Mega Millions,2023,18,11
Mega Millions,2023,19,7
Mega Millions,2023,20,9
Mega Millions,2023,21,5
Mega Millions,2023,22,7
Mega Millions,2023,23,7
Mega Millions,2023,24,6
Mega Millions,2023,25,6
Mega Millions,2023,26,7
Mega Millions,2023,27,5
Mega Millions,2023,28,5
Mega Millions,2023,29,15
Mega Millions,2023,30,9
Mega Millions,2023,31,6
Mega Millions,2023,32,8
Mega Millions,2023,33,10
Mega Millions,2023,34,3
Mega Millions,2023,35,8
Mega Millions,2023,36,7
Mega Millions,2023,37,7
Mega Millions,2023,38,6
Mega Millions,2023,39,8
Mega Millions,2023,40,9
Mega Millions,2023,41,8
Mega Millions,2023,42,9
Mega Millions,2023,43,7
Mega Millions,2023,44,7
Mega Millions,2023,45,9
Mega Millions,2023,46,11
Mega Millions,2023,47,9
Mega Millions,2023,48,4
Mega Millions,2023,49,5
Mega Millions,2023,50,7
Mega Millions,2023,51,8
Mega Millions,2023,52,8
Mega Millions,2023,53,6
Mega Millions,2023,54,7
Mega Millions,2023,55,9
Mega Millions,2023,56,1
Mega Millions,2023,57,9
Mega Millions,2023,58,3
Mega Millions,2023,59,10
Mega Millions,2023,60,4
Mega Millions,2023,61,12
Mega Millions,2023,62,6
Mega Millions,2023,63,8
Mega Millions,2023,64,9
Mega Millions,2023,65,6
Mega Millions,2023,66,11
Mega Millions,2023,67,6
Mega Millions,2023,68,6
Mega Millions,2023,69,6
Mega Millions,2023,70,7
Mega Millions,2024,1,3
Mega Millions,2024,2,4
Mega Millions,2024,3,4
Mega Millions,2024,4,1
Mega Millions,2024,5,3
Mega Millions,2024,6,2
Mega Millions,2024,7,1
Mega Millions,2024,8,1
Mega Millions,2024,9,1
Mega Millions,2024,10,3
Mega Millions,2024,11,3
Mega Millions,2024,12,2
Mega Millions,2024,13,1
Mega Millions,2024,14,2
Mega Millions,2024,15,2
Mega Millions,2024,16,3
Mega Millions,2024,17,2
Mega Millions,2024,18,3
Mega Millions,2024,19,4
Mega Millions,2024,20,2
Mega Millions,2024,21,2
Mega Millions,2024,22,4
Mega Millions,2024,23,2
Mega Millions,2024,24,1
Mega Millions,2024,25,2
Mega Millions,2024,26,3
Mega Millions,2024,27,2
Mega Millions,2024,28,1
Mega Millions,2024,29,3
Mega Millions,2024,30,3
Mega Millions,2024,31,4
Mega Millions,2024,32,1
Mega Millions,2024,33,3
Mega Millions,2024,34,3
Mega Millions,2024,35,2
Mega Millions,2024,36,1
Mega Millions,2024,37,1
Mega Millions,2024,38,3
Mega Millions,2024,39,1
Mega Millions,2024,40,1
Mega Millions,2024,41,1
Mega Millions,2024,42,3
Mega Millions,2024,43,1
Mega Millions,2024,44,4
Mega Millions,2024,45,2
Mega Millions,2024,46,2
Mega Millions,2024,47,1
Mega Millions,2024,49,4
Mega Millions,2024,50,4
Mega Millions,2024,51,2
Mega Millions,2024,52,1
Mega Millions,2024,53,1
Mega Millions,2024,54,2
Mega Millions,2024,55,2
Mega Millions,2024,56,1
Mega Millions,2024,57,2
Mega Millions,2024,58,5
Mega Millions,2024,59,2
Mega Millions,2024,60,3
Mega Millions,2024,61,3
Mega Millions,2024,62,1
Mega Millions,2024,63,1
Mega Millions,2024,64,3
Mega Millions,2024,65,1
Mega Millions,2024,66,4
Mega Millions,2024,67,2
Mega Millions,2024,68,1
Mega Millions,2024,69,4
Mega Millions,2024,70,2
Pick 10,1987,1,85
Pick 10,1987,2,90
Pick 10,1987,3,88
Pick 10,1987,4,101
Pick 10,1987,5,80
Pick 10,1987,6,96
Pick 10,1987,7,84
Pick 10,1987,8,94
Pick 10,1987,9,86
Pick 10,1987,10,81
Pick 10,1987,11,94
Pick 10,1987,12,85
Pick 10,1987,13,89
Pick 10,1987,14,93
Pick 10,1987,15,89
Pick 10,1987,16,86
Pick 10,1987,17,85
Pick 10,1987,18,86
Pick 10,1987,19,78
Pick 10,1987,20,89
Pick 10,1987,21,82
Pick 10,1987,22,89
Pick 10,1987,23,81
Pick 10,1987,24,80
Pick 10,1987,25,89
Pick 10,1987,26,83
Pick 10,1987,27,82
Pick 10,1987,28,80
Pick 10,1987,29,92
Pick 10,1987,30,93
Pick 10,1987,31,95
Pick 10,1987,32,90
Pick 10,1987,33,87
Pick 10,1987,34,95
Pick 10,1987,35,97
Pick 10,1987,36,86
Pick 10,1987,37,91
Pick 10,1987,38,92
Pick 10,1987,39,80
Pick 10,1987,40,76
Pick 10,1987,41,85
Pick 10,1987,42,96
Pick 10,1987,43,80
Pick 10,1987,44,88
Pick 10,1987,45,82
Pick 10,1987,46,96
Pick 10,1987,47,91
Pick 10,1987,48,85
Pick 10,1987,49,81
Pick 10,1987,50,96
Pick 10,1987,51,84
Pick 10,1987,52,95
Pick 10,1987,53,86
Pick 10,1987,54,97
Pick 10,1987,55,84
Pick 10,1987,56,79
Pick 10,1987,57,88
Pick 10,1987,58,91
Pick 10,1987,59,78
Pick 10,1987,60,74
Pick 10,1987,61,90
Pick 10,1987,62,92
Pick 10,1987,63,81
Pick 10,1987,64,86
Pick 10,1987,65,86
Pick 10,1987,66,83
Pick 10,1987,67,87
Pick 10,1987,68,82
Pick 10,1987,69,91
Pick 10,1987,70,99
Pick 10,1987,71,81
Pick 10,1987,72,92
Pick 10,1987,73,95
Pick 10,1987,74,93
Pick 10,1987,75,92
Pick 10,1987,76,98
Pick 10,1987,77,78
Pick 10,1987,78,93
Pick 10,1987,79,95
Pick 10,1987,80,91
Pick 10,1988,1,88
Pick 10,1988,2,99
Pick 10,1988,3,83
Pick 10,1988,4,107
Pick 10,1988,5,93
Pick 10,1988,6,85
Pick 10,1988,7,90
Pick 10,1988,8,96
Pick 10,1988,9,103
Pick 10,1988,10,90
Pick 10,1988,11,88
Pick 10,1988,12,80
Pick 10,1988,13,86
Pick 10,1988,14,87
Pick 10,1988,15,88
Pick 10,1988,16,115
Pick 10,1988,17,87
Pick 10,1988,18,86
Pick 10,1988,19,96
Pick 10,1988,20,78
Pick 10,1988,21,99
Pick 10,1988,22,103
Pick 10,1988,23,91
Pick 10,1988,24,92
Pick 10,1988,25,100
Pick 10,1988,26,82
Pick 10,1988,27,96
Pick 10,1988,28,103
Pick 10,1988,29,95
Pick 10,1988,30,98
Pick 10,1988,31,81
Pick 10,1988,32,74
Pick 10,1988,33,92
Pick 10,1988,34,74
Pick 10,1988,35,81
Pick 10,1988,36,87
Pick 10,1988,37,115
Pick 10,1988,38,88
Pick 10,1988,39,82
Pick 10,1988,40,83
Pick 10,1988,41,95
Pick 10,1988,42,84
Pick 10,1988,43,94
Pick 10,1988,44,92
Pick 10,1988,45,88
Pick 10,1988,46,89
Pick 10,1988,47,102
Pick 10,1988,48,105
Pick 10,1988,49,95
Pick 10,1988,50,95
Pick 10,1988,51,96
Pick 10,1988,52,87
Pick 10,1988,53,101
Pick 10,1988,54,102
Pick 10,1988,55,94
Pick 10,1988,56,98
Pick 10,1988,57,83
Pick 10,1988,58,109
Pick 10,1988,59,83
Pick 10,1988,60,71
Pick 10,1988,61,84
Pick 10,1988,62,86
Pick 10,1988,63,78
Pick 10,1988,64,105
Pick 10,1988,65,87
Pick 10,1988,66,79
Pick 10,1988,67,76
Pick 10,1988,68,103
Pick 10,1988,69,90
Pick 10,1988,70,76
Pick 10,1988,71,98
Pick 10,1988,72,78
Pick 10,1988,73,78
Pick 10,1988,74,92
Pick 10,1988,75,86
Pick 10,1988,76,90
Pick 10,1988,77,100
Pick 10,1988,78,101
Pick 10,1988,79,102
Pick 10,1988,80,107
Pick 10,1989,1,91
Pick 10,1989,2,113
Pick 10,1989,3,103
Pick 10,1989,4,92
Pick 10,1989,5,82
Pick 10,1989,6,98
Pick 10,1989,7,79
Pick 10,1989,8,83
Pick 10,1989,9,90
Pick 10,1989,10,97
Pick 10,1989,11,91
Pick 10,1989,12,77
Pick 10,1989,13,93
Pick 10,1989,14,98
Pick 10,1989,15,89
Pick 10,1989,16,102
Pick 10,1989,17,103
Pick 10,1989,18,97
Pick 10,1989,19,95
Pick 10,1989,20,101
Pick 10,1989,21,86
Pick 10,1989,22,79
Pick 10,1989,23,77
Pick 10,1989,24,101
Pick 10,1989,25,86
Pick 10,1989,26,88
Pick 10,1989,27,89
Pick 10,1989,28,84
Pick 10,1989,29,85
Pick 10,1989,30,88
Pick 10,1989,31,94
Pick 10,1989,32,106
Pick 10,1989,33,75
Pick 10,1989,34,83
Pick 10,1989,35,87
Pick 10,1989,36,84
Pick 10,1989,37,103
Pick 10,1989,38,100
Pick 10,1989,39,87
Pick 10,1989,40,90
Pick 10,1989,41,94
Pick 10,1989,42,95
Pick 10,1989,43,99
Pick 10,1989,44,91
Pick 10,1989,45,100
Pick 10,1989,46,94
Pick 10,1989,47,89
Pick 10,1989,48,80
Pick 10,1989,49,82
Pick 10,1989,50,89
Pick 10,1989,51,96
Pick 10,1989,52,90
Pick 10,1989,53,96
Pick 10,1989,54,95
Pick 10,1989,55,69
Pick 10,1989,56,79
Pick 10,1989,57,96
Pick 10,1989,58,86
Pick 10,1989,59,94
Pick 10,1989,60,86
Pick 10,1989,61,98
Pick 10,1989,62,96
Pick 10,1989,63,96
Pick 10,1989,64,90
Pick 10,1989,65,95
Pick 10,1989,66,92
Pick 10,1989,67,81
Pick 10,1989,68,105
Pick 10,1989,69,76
Pick 10,1989,70,80
Pick 10,1989,71,91
Pick 10,1989,72,100
Pick 10,1989,73,104
Pick 10,1989,74,84
Pick 10,1989,75,80
Pick 10,1989,76,85
Pick 10,1989,77,100
Pick 10,1989,78,103
Pick 10,1989,79,96
Pick 10,1989,80,82
Pick 10,1990,1,96
Pick 10,1990,2,93
Pick 10,1990,3,92
Pick 10,1990,4,89
Pick 10,1990,5,82
Pick 10,1990,6,97
Pick 10,1990,7,87
Pick 10,1990,8,95
Pick 10,1990,9,98
Pick 10,1990,10,86
Pick 10,1990,11,80
Pick 10,1990,12,87
Pick 10,1990,13,78
Pick 10,1990,14,91
Pick 10,1990,15,99
Pick 10,1990,16,88
Pick 10,1990,17,87
Pick 10,1990,18,97
Pick 10,1990,19,100
Pick 10,1990,20,86
Pick 10,1990,21,104
Pick 10,1990,22,79
Pick 10,1990,23,101
Pick 10,1990,24,88
Pick 10,1990,25,91
Pick 10,1990,26,90
Pick 10,1990,27,84
Pick 10,1990,28,78
Pick 10,1990,29,84
Pick 10,1990,30,86
Pick 10,1990,31,97
Pick 10,1990,32,84
Pick 10,1990,33,91
Pick 10,1990,34,97
Pick 10,1990,35,79
Pick 10,1990,36,95
Pick 10,1990,37,89
Pick 10,1990,38,94
Pick 10,1990,39,97
Pick 10,1990,40,89
Pick 10,1990,41,109
Pick 10,1990,42,94
Pick 10,1990,43,92
Pick 10,1990,44,92
Pick 10,1990,45,92
Pick 10,1990,46,89
Pick 10,1990,47,84
Pick 10,1990,48,91
Pick 10,1990,49,87
Pick 10,1990,50,95
Pick 10,1990,51,82
Pick 10,1990,52,73
Pick 10,1990,53,88
Pick 10,1990,54,101
Pick 10,1990,55,104
Pick 10,1990,56,88
Pick 10,1990,57,88
Pick 10,1990,58,108
Pick 10,1990,59,85
Pick 10,1990,60,81
Pick 10,1990,61,94
Pick 10,1990,62,97
Pick 10,1990,63,96
Pick 10,1990,64,89
Pick 10,1990,65,98
Pick 10,1990,66,92
Pick 10,1990,67,95
Pick 10,1990,68,102
Pick 10,1990,69,91
Pick 10,1990,70,78
Pick 10,1990,71,94
Pick 10,1990,72,88
Pick 10,1990,73,88
Pick 10,1990,74,97
Pick 10,1990,75,97
Pick 10,1990,76,97
Pick 10,1990,77,83
Pick 10,1990,78,86
Pick 10,1990,79,103
Pick 10,1990,80,87
Pick 10,1991,1,84
Pick 10,1991,2,91
Pick 10,1991,3,87
Pick 10,1991,4,106
Pick 10,1991,5,82
Pick 10,1991,6,95
Pick 10,1991,7,88
Pick 10,1991,8,91
Pick 10,1991,9,80
Pick 10,1991,10,84
Pick 10,1991,11,89
Pick 10,1991,12,84
Pick 10,1991,13,82
Pick 10,1991,14,87
Pick 10,1991,15,104
Pick 10,1991,16,94
Pick 10,1991,17,83
Pick 10,1991,18,110
Pick 10,1991,19,84
Pick 10,1991,20,100
Pick 10,1991,21,91
Pick 10,1991,22,80
Pick 10,1991,23,98
Pick 10,1991,24,88
Pick 10,1991,25,78
Pick 10,1991,26,101
Pick 10,1991,27,92
Pick 10,1991,28,94
Pick 10,1991,29,96
Pick 10,1991,30,102
Pick 10,1991,31,90
Pick 10,1991,32,94
Pick 10,1991,33,88
Pick 10,1991,34,98
Pick 10,1991,35,77
Pick 10,1991,36,85
Pick 10,1991,37,98
Pick 10,1991,38,99
Pick 10,1991,39,96
Pick 10,1991,40,81
Pick 10,1991,41,100
Pick 10,1991,42,68
Pick 10,1991,43,98
Pick 10,1991,44,95
Pick 10,1991,45,105
Pick 10,1991,46,82
Pick 10,1991,47,102
Pick 10,1991,48,80
Pick 10,1991,49,92
Pick 10,1991,50,89
Pick 10,1991,51,90
Pick 10,1991,52,86
Pick 10,1991,53,82
Pick 10,1991,54,92
Pick 10,1991,55,79
Pick 10,1991,56,87
Pick 10,1991,57,94
Pick 10,1991,58,88
Pick 10,1991,59,75
Pick 10,1991,60,96
Pick 10,1991,61,95
Pick 10,1991,62,106
Pick 10,1991,63,91
Pick 10,1991,64,79
Pick 10,1991,65,109
Pick 10,1991,66,97
Pick 10,1991,67,80
Pick 10,1991,68,89
Pick 10,1991,69,92
Pick 10,1991,70,87
Pick 10,1991,71,88
Pick 10,1991,72,93
Pick 10,1991,73,93
Pick 10,1991,74,97
Pick 10,1991,75,79
Pick 10,1991,76,100
Pick 10,1991,77,100
Pick 10,1991,78,100
Pick 10,1991,79,94
Pick 10,1991,80,100
Pick 10,1992,1,81
Pick 10,1992,2,98
Pick 10,1992,3,79
Pick 10,1992,4,95
Pick 10,1992,5,92
Pick 10,1992,6,86
Pick 10,1992,7,86
Pick 10,1992,8,106
Pick 10,1992,9,84
Pick 10,1992,10,87
Pick 10,1992,11,81
Pick 10,1992,12,82
Pick 10,1992,13,81
Pick 10,1992,14,109
Pick 10,1992,15,97
Pick 10,1992,16,89
Pick 10,1992,17,91
Pick 10,1992,18,89
Pick 10,1992,19,83
Pick 10,1992,20,86
Pick 10,1992,21,94
Pick 10,1992,22,95
Pick 10,1992,23,99
Pick 10,1992,24,92
Pick 10,1992,25,93
Pick 10,1992,26,92
Pick 10,1992,27,94
Pick 10,1992,28,86
Pick 10,1992,29,101
Pick 10,1992,30,81
Pick 10,1992,31,105
Pick 10,1992,32,89
Pick 10,1992,33,76
Pick 10,1992,34,86
Pick 10,1992,35,84
Pick 10,1992,36,94
Pick 10,1992,37,100
Pick 10,1992,38,95
Pick 10,1992,39,95
Pick 10,1992,40,93
Pick 10,1992,41,88
Pick 10,1992,42,96
Pick 10,1992,43,87
Pick 10,1992,44,109
Pick 10,1992,45,101
Pick 10,1992,46,79
Pick 10,1992,47,81
Pick 10,1992,48,88
Pick 10,1992,49,104
Pick 10,1992,50,88
Pick 10,1992,51,93
Pick 10,1992,52,92
Pick 10,1992,53,98
Pick 10,1992,54,75
Pick 10,1992,55,98
Pick 10,1992,56,83
Pick 10,1992,57,88
Pick 10,1992,58,79
Pick 10,1992,59,96
Pick 10,1992,60,98
Pick 10,1992,61,99
Pick 10,1992,62,98
Pick 10,1992,63,94
Pick 10,1992,64,89
Pick 10,1992,65,79
Pick 10,1992,66,97
Pick 10,1992,67,87
Pick 10,1992,68,93
Pick 10,1992,69,95
Pick 10,1992,70,93
Pick 10,1992,71,90
Pick 10,1992,72,91
Pick 10,1992,73,97
Pick 10,1992,74,95
Pick 10,1992,75,94
Pick 10,1992,76,82
Pick 10,1992,77,101
Pick 10,1992,78,95
Pick 10,1992,79,94
Pick 10,1992,80,90
Pick 10,1993,1,91
Pick 10,1993,2,80
Pick 10,1993,3,97
Pick 10,1993,4,86
Pick 10,1993,5,83
Pick 10,1993,6,100
Pick 10,1993,7,98
Pick 10,1993,8,91
Pick 10,1993,9,98
Pick 10,1993,10,86
Pick 10,1993,11,100
Pick 10,1993,12,89
Pick 10,1993,13,87
Pick 10,1993,14,88
Pick 10,1993,15,99
Pick 10,1993,16,88
Pick 10,1993,17,88
Pick 10,1993,18,96
Pick 10,1993,19,100
Pick 10,1993,20,84
Pick 10,1993,21,94
Pick 10,1993,22,97
Pick 10,1993,23,95
Pick 10,1993,24,95
Pick 10,1993,25,99
Pick 10,1993,26,75
Pick 10,1993,27,93
Pick 10,1993,28,103
Pick 10,1993,29,95
Pick 10,1993,30,89
Pick 10,1993,31,96
Pick 10,1993,32,101
Pick 10,1993,33,84
Pick 10,1993,34,97
Pick 10,1993,35,84
Pick 10,1993,36,86
Pick 10,1993,37,86
Pick 10,1993,38,94
Pick 10,1993,39,99
Pick 10,1993,40,99
Pick 10,1993,41,94
Pick 10,1993,42,103
Pick 10,1993,43,79
Pick 10,1993,44,82
Pick 10,1993,45,90
Pick 10,1993,46,92
Pick 10,1993,47,90
Pick 10,1993,48,86
Pick 10,1993,49,83
Pick 10,1993,50,90
Pick 10,1993,51,99
Pick 10,1993,52,102
Pick 10,1993,53,94
Pick 10,1993,54,93
Pick 10,1993,55,92
Pick 10,1993,56,90
Pick 10,1993,57,83
Pick 10,1993,58,82
Pick 10,1993,59,94
Pick 10,1993,60,90
Pick 10,1993,61,71
Pick 10,1993,62,95
Pick 10,1993,63,90
Pick 10,1993,64,100
Pick 10,1993,65,92
Pick 10,1993,66,90
Pick 10,1993,67,93
Pick 10,1993,68,89
Pick 10,1993,69,90
Pick 10,1993,70,92
Pick 10,1993,71,84
Pick 10,1993,72,85
Pick 10,1993,73,90
Pick 10,1993,74,92
Pick 10,1993,75,86
Pick 10,1993,76,96
Pick 10,1993,77,99
Pick 10,1993,78,97
Pick 10,1993,79,74
Pick 10,1993,80,77
Pick 10,1994,1,73
Pick 10,1994,2,83
Pick 10,1994,3,88
Pick 10,1994,4,91
Pick 10,1994,5,93
Pick 10,1994,6,93
Pick 10,1994,7,80
Pick 10,1994,8,94
Pick 10,1994,9,88
Pick 10,1994,10,82
Pick 10,1994,11,102
Pick 10,1994,12,102
Pick 10,1994,13,84
Pick 10,1994,14,93
Pick 10,1994,15,89
Pick 10,1994,16,83
Pick 10,1994,17,105
Pick 10,1994,18,86
Pick 10,1994,19,87
Pick 10,1994,20,90
Pick 10,1994,21,76
Pick 10,1994,22,78
Pick 10,1994,23,97
Pick 10,1994,24,76
Pick 10,1994,25,77
Pick 10,1994,26,106
Pick 10,1994,27,93
Pick 10,1994,28,100
Pick 10,1994,29,93
Pick 10,1994,30,101
Pick 10,1994,31,95
Pick 10,1994,32,81
Pick 10,1994,33,91
Pick 10,1994,34,95
Pick 10,1994,35,100
Pick 10,1994,36,85
Pick 10,1994,37,89
Pick 10,1994,38,87
Pick 10,1994,39,89
Pick 10,1994,40,89
Pick 10,1994,41,92
Pick 10,1994,42,97
Pick 10,1994,43,93
Pick 10,1994,44,73
Pick 10,1994,45,93
Pick 10,1994,46,84
Pick 10,1994,47,97
Pick 10,1994,48,92
Pick 10,1994,49,95
Pick 10,1994,50,83
Pick 10,1994,51,87
Pick 10,1994,52,102
Pick 10,1994,53,106
Pick 10,1994,54,85
Pick 10,1994,55,89
Pick 10,1994,56,85
Pick 10,1994,57,92
Pick 10,1994,58,100
Pick 10,1994,59,90
Pick 10,1994,60,96
Pick 10,1994,61,84
Pick 10,1994,62,104
Pick 10,1994,63,92
Pick 10,1994,64,100
Pick 10,1994,65,83
Pick 10,1994,66,104
Pick 10,1994,67,83
Pick 10,1994,68,92
Pick 10,1994,69,101
Pick 10,1994,70,83
Pick 10,1994,71,100
Pick 10,1994,72,89
Pick 10,1994,73,83
Pick 10,1994,74,97
Pick 10,1994,75,93
Pick 10,1994,76,90
Pick 10,1994,77,90
Pick 10,1994,78,96
Pick 10,1994,79,101
Pick 10,1994,80,100
Pick 10,1995,1,101
Pick 10,1995,2,86
Pick 10,1995,3,102
Pick 10,1995,4,92
Pick 10,1995,5,86
Pick 10,1995,6,87
Pick 10,1995,7,94
Pick 10,1995,8,76
Pick 10,1995,9,95
Pick 10,1995,10,84
Pick 10,1995,11,87
Pick 10,1995,12,79
Pick 10,1995,13,97
Pick 10,1995,14,96
Pick 10,1995,15,93
Pick 10,1995,16,108
Pick 10,1995,17,87
Pick 10,1995,18,91
Pick 10,1995,19,92
Pick 10,1995,20,92
Pick 10,1995,21,104
Pick 10,1995,22,77
Pick 10,1995,23,88
Pick 10,1995,24,85
Pick 10,1995,25,86
Pick 10,1995,26,96
Pick 10,1995,27,99
Pick 10,1995,28,95
Pick 10,1995,29,85
Pick 10,1995,30,87
Pick 10,1995,31,87
Pick 10,1995,32,90
Pick 10,1995,33,89
Pick 10,1995,34,98
Pick 10,1995,35,95
Pick 10,1995,36,101
Pick 10,1995,37,100
Pick 10,1995,38,91
Pick 10,1995,39,95
Pick 10,1995,40,83
Pick 10,1995,41,92
Pick 10,1995,42,93
Pick 10,1995,43,88
Pick 10,1995,44,79
Pick 10,1995,45,108
Pick 10,1995,46,87
Pick 10,1995,47,94
Pick 10,1995,48,91
Pick 10,1995,49,98
Pick 10,1995,50,92
Pick 10,1995,51,110
Pick 10,1995,52,88
Pick 10,1995,53,90
Pick 10,1995,54,82
Pick 10,1995,55,86
Pick 10,1995,56,93
Pick 10,1995,57,89
Pick 10,1995,58,101
Pick 10,1995,59,89
Pick 10,1995,60,92
Pick 10,1995,61,106
Pick 10,1995,62,97
Pick 10,1995,63,82
Pick 10,1995,64,79
Pick 10,1995,65,85
Pick 10,1995,66,94
Pick 10,1995,67,84
Pick 10,1995,68,90
Pick 10,1995,69,84
Pick 10,1995,70,88
Pick 10,1995,71,83
Pick 10,1995,72,100
Pick 10,1995,73,93
Pick 10,1995,74,92
Pick 10,1995,75,76
Pick 10,1995,76,98
Pick 10,1995,77,86
Pick 10,1995,78,86
Pick 10,1995,79,82
Pick 10,1995,80,97
Pick 10,1996,1,86
Pick 10,1996,2,98
Pick 10,1996,3,84
Pick 10,1996,4,86
Pick 10,1996,5,87
Pick 10,1996,6,100
Pick 10,1996,7,101
Pick 10,1996,8,81
Pick 10,1996,9,87
Pick 10,1996,10,103
Pick 10,1996,11,102
Pick 10,1996,12,80
Pick 10,1996,13,82
Pick 10,1996,14,92
Pick 10,1996,15,98
Pick 10,1996,16,95
Pick 10,1996,17,102
Pick 10,1996,18,90
Pick 10,1996,19,87
Pick 10,1996,20,94
Pick 10,1996,21,87
Pick 10,1996,22,94
Pick 10,1996,23,85
Pick 10,1996,24,101
Pick 10,1996,25,75
Pick 10,1996,26,76
Pick 10,1996,27,86
Pick 10,1996,28,103
Pick 10,1996,29,92
Pick 10,1996,30,86
Pick 10,1996,31,87
Pick 10,1996,32,97
Pick 10,1996,33,106
Pick 10,1996,34,79
Pick 10,1996,35,109
Pick 10,1996,36,87
Pick 10,1996,37,95
Pick 10,1996,38,95
Pick 10,1996,39,102
Pick 10,1996,40,76
Pick 10,1996,41,87
Pick 10,1996,42,90
Pick 10,1996,43,92
Pick 10,1996,44,83
Pick 10,1996,45,95
Pick 10,1996,46,88
Pick 10,1996,47,87
Pick 10,1996,48,96
Pick 10,1996,49,74
Pick 10,1996,50,93
Pick 10,1996,51,91
Pick 10,1996,52,101
Pick 10,1996,53,88
Pick 10,1996,54,98
Pick 10,1996,55,112
Pick 10,1996,56,69
Pick 10,1996,57,107
Pick 10,1996,58,91
Pick 10,1996,59,80
Pick 10,1996,60,99
Pick 10,1996,61,105
Pick 10,1996,62,93
Pick 10,1996,63,101
Pick 10,1996,64,96
Pick 10,1996,65,88
Pick 10,1996,66,93
Pick 10,1996,67,87
Pick 10,1996,68,71
Pick 10,1996,69,94
Pick 10,1996,70,108
Pick 10,1996,71,93
Pick 10,1996,72,94
Pick 10,1996,73,75
Pick 10,1996,74,83
Pick 10,1996,75,91
Pick 10,1996,76,101
Pick 10,1996,77,89
Pick 10,1996,78,87
Pick 10,1996,79,89
Pick 10,1996,80,88
Pick 10,1997,1,98
Pick 10,1997,2,93
Pick 10,1997,3,97
Pick 10,1997,4,89
Pick 10,1997,5,84
Pick 10,1997,6,79
Pick 10,1997,7,80
Pick 10,1997,8,93
Pick 10,1997,9,92
Pick 10,1997,10,98
Pick 10,1997,11,71
Pick 10,1997,12,96
Pick 10,1997,13,82
Pick 10,1997,14,83
Pick 10,1997,15,95
Pick 10,1997,16,92
Pick 10,1997,17,98
Pick 10,1997,18,83
Pick 10,1997,19,110
Pick 10,1997,20,90
Pick 10,1997,21,97
Pick 10,1997,22,81
Pick 10,1997,23,87
Pick 10,1997,24,96
Pick 10,1997,25,82
Pick 10,1997,26,100
Pick 10,1997,27,96
Pick 10,1997,28,83
Pick 10,1997,29,82
Pick 10,1997,30,86
Pick 10,1997,31,100
Pick 10,1997,32,98
Pick 10,1997,33,96
Pick 10,1997,34,84
Pick 10,1997,35,99
Pick 10,1997,36,97
Pick 10,1997,37,97
Pick 10,1997,38,75
Pick 10,1997,39,107
Pick 10,1997,40,97
Pick 10,1997,41,86
Pick 10,1997,42,74
Pick 10,1997,43,87
Pick 10,1997,44,91
Pick 10,1997,45,86
Pick 10,1997,46,88
Pick 10,1997,47,97
Pick 10,1997,48,84
Pick 10,1997,49,101
Pick 10,1997,50,97
Pick 10,1997,51,94
Pick 10,1997,52,90
Pick 10,1997,53,101
Pick 10,1997,54,87
Pick 10,1997,55,85
Pick 10,1997,56,87
Pick 10,1997,57,92
Pick 10,1997,58,93
Pick 10,1997,59,87
Pick 10,1997,60,93
Pick 10,1997,61,100
Pick 10,1997,62,101
Pick 10,1997,63,81
Pick 10,1997,64,86
Pick 10,1997,65,90
Pick 10,1997,66,95
Pick 10,1997,67,94
Pick 10,1997,68,83
Pick 10,1997,69,99
Pick 10,1997,70,84
Pick 10,1997,71,92
Pick 10,1997,72,101
Pick 10,1997,73,94
Pick 10,1997,74,83
Pick 10,1997,75,77
Pick 10,1997,76,106
Pick 10,1997,77,89
Pick 10,1997,78,98
Pick 10,1997,79,93
Pick 10,1997,80,91
Pick 10,1998,1,90
Pick 10,1998,2,81
Pick 10,1998,3,99
Pick 10,1998,4,93
Pick 10,1998,5,93
Pick 10,1998,6,86
Pick 10,1998,7,86
Pick 10,1998,8,101
Pick 10,1998,9,90
Pick 10,1998,10,107
Pick 10,1998,11,84
Pick 10,1998,12,91
Pick 10,1998,13,92
Pick 10,1998,14,97
Pick 10,1998,15,86
Pick 10,1998,16,92
Pick 10,1998,17,90
Pick 10,1998,18,94
Pick 10,1998,19,91
Pick 10,1998,20,76
Pick 10,1998,21,86
Pick 10,1998,22,93
Pick 10,1998,23,94
Pick 10,1998,24,90
Pick 10,1998,25,82
Pick 10,1998,26,91
Pick 10,1998,27,107
Pick 10,1998,28,107
Pick 10,1998,29,85
Pick 10,1998,30,96
Pick 10,1998,31,82
Pick 10,1998,32,91
Pick 10,1998,33,88
Pick 10,1998,34,101
Pick 10,1998,35,105
Pick 10,1998,36,90
Pick 10,1998,37,88
Pick 10,1998,38,84
Pick 10,1998,39,107
Pick 10,1998,40,78
Pick 10,1998,41,100
Pick 10,1998,42,82
Pick 10,1998,43,106
Pick 10,1998,44,97
Pick 10,1998,45,88
Pick 10,1998,46,95
Pick 10,1998,47,103
Pick 10,1998,48,88
Pick 10,1998,49,85
Pick 10,1998,50,94
Pick 10,1998,51,97
Pick 10,1998,52,97
Pick 10,1998,53,72
Pick 10,1998,54,84
Pick 10,1998,55,81
Pick 10,1998,56,101
Pick 10,1998,57,94
Pick 10,1998,58,104
Pick 10,1998,59,75
Pick 10,1998,60,82
Pick 10,1998,61,90
Pick 10,1998,62,83
Pick 10,1998,63,88
Pick 10,1998,64,84
Pick 10,1998,65,90
Pick 10,1998,66,87
Pick 10,1998,67,96
Pick 10,1998,68,92
Pick 10,1998,69,85
Pick 10,1998,70,103
Pick 10,1998,71,83
Pick 10,1998,72,93
Pick 10,1998,73,79
Pick 10,1998,74,94
Pick 10,1998,75,86
Pick 10,1998,76,91
Pick 10,1998,77,91
Pick 10,1998,78,93
Pick 10,1998,79,93
Pick 10,1998,80,90
Pick 10,1999,1,93
Pick 10,1999,2,101
Pick 10,1999,3,88
Pick 10,1999,4,90
Pick 10,1999,5,83
Pick 10,1999,6,80
Pick 10,1999,7,90
Pick 10,1999,8,85
Pick 10,1999,9,83
Pick 10,1999,10,102
Pick 10,1999,11,91
Pick 10,1999,12,96
Pick 10,1999,13,89
Pick 10,1999,14,101
Pick 10,1999,15,95
Pick 10,1999,16,104
Pick 10,1999,17,89
Pick 10,1999,18,103
Pick 10,1999,19,98
Pick 10,1999,20,81
Pick 10,1999,21,103
Pick 10,1999,22,89
Pick 10,1999,23,85
Pick 10,1999,24,90
Pick 10,1999,25,106
Pick 10,1999,26,83
Pick 10,1999,27,79
Pick 10,1999,28,95
Pick 10,1999,29,91
Pick 10,1999,30,94
Pick 10,1999,31,92
Pick 10,1999,32,80
Pick 10,1999,33,85
Pick 10,1999,34,91
Pick 10,1999,35,82
Pick 10,1999,36,96
Pick 10,1999,37,93
Pick 10,1999,38,76
Pick 10,1999,39,82
Pick 10,1999,40,91
Pick 10,1999,41,91
Pick 10,1999,42,82
Pick 10,1999,43,93
Pick 10,1999,44,98
Pick 10,1999,45,89
Pick 10,1999,46,87
Pick 10,1999,47,91
Pick 10,1999,48,97
Pick 10,1999,49,96
Pick 10,1999,50,76
Pick 10,1999,51,95
Pick 10,1999,52,91
Pick 10,1999,53,87
Pick 10,1999,54,110
Pick 10,1999,55,96
Pick 10,1999,56,89
Pick 10,1999,57,96
Pick 10,1999,58,104
Pick 10,1999,59,84
Pick 10,1999,60,80
Pick 10,1999,61,84
Pick 10,1999,62,75
Pick 10,1999,63,99
Pick 10,1999,64,102
Pick 10,1999,65,100
Pick 10,1999,66,89
Pick 10,1999,67,76
Pick 10,1999,68,92
Pick 10,1999,69,90
Pick 10,1999,70,99
Pick 10,1999,71,93
Pick 10,1999,72,90
Pick 10,1999,73,84
Pick 10,1999,74,81
Pick 10,1999,75,98
Pick 10,1999,76,88
Pick 10,1999,77,93
Pick 10,1999,78,89
Pick 10,1999,79,101
Pick 10,1999,80,100
Pick 10,2000,1,89
Pick 10,2000,2,109
Pick 10,2000,3,93
Pick 10,2000,4,83
Pick 10,2000,5,107
Pick 10,2000,6,108
Pick 10,2000,7,84
Pick 10,2000,8,100
Pick 10,2000,9,96
Pick 10,2000,10,99
Pick 10,2000,11,92
Pick 10,2000,12,104
Pick 10,2000,13,106
Pick 10,2000,14,83
Pick 10,2000,15,94
Pick 10,2000,16,97
Pick 10,2000,17,79
Pick 10,2000,18,96
Pick 10,2000,19,90
Pick 10,2000,20,79
Pick 10,2000,21,82
Pick 10,2000,22,107
Pick 10,2000,23,81
Pick 10,2000,24,87
Pick 10,2000,25,73
Pick 10,2000,26,98
Pick 10,2000,27,73
Pick 10,2000,28,85
Pick 10,2000,29,104
Pick 10,2000,30,82
Pick 10,2000,31,96
Pick 10,2000,32,93
Pick 10,2000,33,80
Pick 10,2000,34,101
Pick 10,2000,35,76
Pick 10,2000,36,100
Pick 10,2000,37,102
Pick 10,2000,38,102
Pick 10,2000,39,90
Pick 10,2000,40,80
Pick 10,2000,41,102
Pick 10,2000,42,84
Pick 10,2000,43,99
Pick 10,2000,44,76
Pick 10,2000,45,98
Pick 10,2000,46,94
Pick 10,2000,47,77
Pick 10,2000,48,69
Pick 10,2000,49,103
Pick 10,2000,50,90
Pick 10,2000,51,87
Pick 10,2000,52,105
Pick 10,2000,53,92
Pick 10,2000,54,101
Pick 10,2000,55,84
Pick 10,2000,56,93
Pick 10,2000,57,94
Pick 10,2000,58,107
Pick 10,2000,59,97
Pick 10,2000,60,76
Pick 10,2000,61,87
Pick 10,2000,62,86
Pick 10,2000,63,91
Pick 10,2000,64,94
Pick 10,2000,65,99
Pick 10,2000,66,82
Pick 10,2000,67,90
Pick 10,2000,68,80
Pick 10,2000,69,92
Pick 10,2000,70,81
Pick 10,2000,71,75
Pick 10,2000,72,75
Pick 10,2000,73,91
Pick 10,2000,74,107
Pick 10,2000,75,94
Pick 10,2000,76,91
Pick 10,2000,77,91
Pick 10,2000,78,95
Pick 10,2000,79,90
Pick 10,2000,80,101
Pick 10,2001,1,91
Pick 10,2001,2,98
Pick 10,2001,3,101
Pick 10,2001,4,86
Pick 10,2001,5,79
Pick 10,2001,6,94
Pick 10,2001,7,88
Pick 10,2001,8,100
Pick 10,2001,9,109
Pick 10,2001,10,93
Pick 10,2001,11,77
Pick 10,2001,12,93
Pick 10,2001,13,75
Pick 10,2001,14,95
Pick 10,2001,15,89
Pick 10,2001,16,89
Pick 10,2001,17,81
Pick 10,2001,18,93
Pick 10,2001,19,76
Pick 10,2001,20,98
Pick 10,2001,21,85
Pick 10,2001,22,84
Pick 10,2001,23,85
Pick 10,2001,24,96
Pick 10,2001,25,80
Pick 10,2001,26,100
Pick 10,2001,27,84
Pick 10,2001,28,69
Pick 10,2001,29,90
Pick 10,2001,30,95
Pick 10,2001,31,80
Pick 10,2001,32,85
Pick 10,2001,33,96
Pick 10,2001,34,107
Pick 10,2001,35,90
Pick 10,2001,36,94
Pick 10,2001,37,87
Pick 10,2001,38,88
Pick 10,2001,39,101
Pick 10,2001,40,95
Pick 10,2001,41,87
Pick 10,2001,42,91
Pick 10,2001,43,85
Pick 10,2001,44,97
Pick 10,2001,45,88
Pick 10,2001,46,103
Pick 10,2001,47,87
Pick 10,2001,48,76
Pick 10,2001,49,89
Pick 10,2001,50,91
Pick 10,2001,51,90
Pick 10,2001,52,87
Pick 10,2001,53,97
Pick 10,2001,54,92
Pick 10,2001,55,73
Pick 10,2001,56,98
Pick 10,2001,57,93
Pick 10,2001,58,92
Pick 10,2001,59,104
Pick 10,2001,60,89
Pick 10,2001,61,91
Pick 10,2001,62,93
Pick 10,2001,63,93
Pick 10,2001,64,89
Pick 10,2001,65,84
Pick 10,2001,66,90
Pick 10,2001,67,97
Pick 10,2001,68,96
Pick 10,2001,69,69
Pick 10,2001,70,94
Pick 10,2001,71,107
Pick 10,2001,72,100
Pick 10,2001,73,95
Pick 10,2001,74,96
Pick 10,2001,75,95
Pick 10,2001,76,98
Pick 10,2001,77,92
Pick 10,2001,78,97
Pick 10,2001,79,103
Pick 10,2001,80,96
Pick 10,2002,1,102
Pick 10,2002,2,103
Pick 10,2002,3,91
Pick 10,2002,4,90
Pick 10,2002,5,82
Pick 10,2002,6,92
Pick 10,2002,7,93
Pick 10,2002,8,99
Pick 10,2002,9,96
Pick 10,2002,10,103
Pick 10,2002,11,84
Pick 10,2002,12,86
Pick 10,2002,13,94
Pick 10,2002,14,94
Pick 10,2002,15,100
Pick 10,2002,16,87
Pick 10,2002,17,81
Pick 10,2002,18,98
Pick 10,2002,19,84
Pick 10,2002,20,94
Pick 10,2002,21,90
Pick 10,2002,22,99
Pick 10,2002,23,90
Pick 10,2002,24,108
Pick 10,2002,25,82
Pick 10,2002,26,108
Pick 10,2002,27,72
Pick 10,2002,28,78
Pick 10,2002,29,86
Pick 10,2002,30,93
Pick 10,2002,31,90
Pick 10,2002,32,93
Pick 10,2002,33,87
Pick 10,2002,34,82
Pick 10,2002,35,97
Pick 10,2002,36,95
Pick 10,2002,37,85
Pick 10,2002,38,105
Pick 10,2002,39,90
Pick 10,2002,40,93
Pick 10,2002,41,96
Pick 10,2002,42,85
Pick 10,2002,43,77
Pick 10,2002,44,96
Pick 10,2002,45,93
Pick 10,2002,46,80
Pick 10,2002,47,96
Pick 10,2002,48,80
Pick 10,2002,49,88
Pick 10,2002,50,84
Pick 10,2002,51,94
Pick 10,2002,52,96
Pick 10,2002,53,101
Pick 10,2002,54,82
Pick 10,2002,55,93
Pick 10,2002,56,88
Pick 10,2002,57,100
Pick 10,2002,58,107
Pick 10,2002,59,85
Pick 10,2002,60,83
Pick 10,2002,61,81
Pick 10,2002,62,86
Pick 10,2002,63,78
Pick 10,2002,64,83
Pick 10,2002,65,105
Pick 10,2002,66,78
Pick 10,2002,67,79
Pick 10,2002,68,106
Pick 10,2002,69,105
Pick 10,2002,70,86
Pick 10,2002,71,97
Pick 10,2002,72,75
Pick 10,2002,73,112
Pick 10,2002,74,97
Pick 10,2002,75,87
Pick 10,2002,76,84
Pick 10,2002,77,100
Pick 10,2002,78,92
Pick 10,2002,79,89
Pick 10,2002,80,80
Pick 10,2003,1,101
Pick 10,2003,2,82
Pick 10,2003,3,93
Pick 10,2003,4,90
Pick 10,2003,5,91
Pick 10,2003,6,82
Pick 10,2003,7,88
Pick 10,2003,8,89
Pick 10,2003,9,96
Pick 10,2003,10,109
Pick 10,2003,11,84
Pick 10,2003,12,75
Pick 10,2003,13,104
Pick 10,2003,14,78
Pick 10,2003,15,109
Pick 10,2003,16,106
Pick 10,2003,17,94
Pick 10,2003,18,94
Pick 10,2003,19,84
Pick 10,2003,20,93
Pick 10,2003,21,97
Pick 10,2003,22,91
Pick 10,2003,23,90
Pick 10,2003,24,106
Pick 10,2003,25,81
Pick 10,2003,26,102
Pick 10,2003,27,104
Pick 10,2003,28,75
Pick 10,2003,29,102
Pick 10,2003,30,96
Pick 10,2003,31,94
Pick 10,2003,32,87
Pick 10,2003,33,86
Pick 10,2003,34,89
Pick 10,2003,35,83
Pick 10,2003,36,94
Pick 10,2003,37,82
Pick 10,2003,38,99
Pick 10,2003,39,94
Pick 10,2003,40,95
Pick 10,2003,41,73
Pick 10,2003,42,87
Pick 10,2003,43,99
Pick 10,2003,44,88
Pick 10,2003,45,85
Pick 10,2003,46,106
Pick 10,2003,47,96
Pick 10,2003,48,99
Pick 10,2003,49,90
Pick 10,2003,50,93
Pick 10,2003,51,79
Pick 10,2003,52,95
Pick 10,2003,53,100
Pick 10,2003,54,90
Pick 10,2003,55,87
Pick 10,2003,56,81
Pick 10,2003,57,77
Pick 10,2003,58,111
Pick 10,2003,59,90
Pick 10,2003,60,106
Pick 10,2003,61,87
Pick 10,2003,62,99
Pick 10,2003,63,98
Pick 10,2003,64,88
Pick 10,2003,65,88
Pick 10,2003,66,80
Pick 10,2003,67,90
Pick 10,2003,68,100
Pick 10,2003,69,92
Pick 10,2003,70,91
Pick 10,2003,71,96
Pick 10,2003,72,94
Pick 10,2003,73,82
Pick 10,2003,74,74
Pick 10,2003,75,84
Pick 10,2003,76,81
Pick 10,2003,77,78
Pick 10,2003,78,92
Pick 10,2003,79,76
Pick 10,2003,80,89
Pick 10,2004,1,91
Pick 10,2004,2,98
Pick 10,2004,3,100
Pick 10,2004,4,91
Pick 10,2004,5,87
Pick 10,2004,6,91
Pick 10,2004,7,91
Pick 10,2004,8,83
Pick 10,2004,9,96
Pick 10,2004,10,107
Pick 10,2004,11,95
Pick 10,2004,12,106
Pick 10,2004,13,86
Pick 10,2004,14,63
Pick 10,2004,15,98
Pick 10,2004,16,102
Pick 10,2004,17,105
Pick 10,2004,18,91
Pick 10,2004,19,76
Pick 10,2004,20,88
Pick 10,2004,21,92
Pick 10,2004,22,89
Pick 10,2004,23,89
Pick 10,2004,24,89
Pick 10,2004,25,114
Pick 10,2004,26,66
Pick 10,2004,27,104
Pick 10,2004,28,96
Pick 10,2004,29,96
Pick 10,2004,30,96
Pick 10,2004,31,102
Pick 10,2004,32,85
Pick 10,2004,33,87
Pick 10,2004,34,99
Pick 10,2004,35,82
Pick 10,2004,36,95
Pick 10,2004,37,94
Pick 10,2004,38,84
Pick 10,2004,39,90
Pick 10,2004,40,96
Pick 10,2004,41,71
Pick 10,2004,42,89
Pick 10,2004,43,89
Pick 10,2004,44,95
Pick 10,2004,45,105
Pick 10,2004,46,99
Pick 10,2004,47,82
Pick 10,2004,48,96
Pick 10,2004,49,91
Pick 10,2004,50,103
Pick 10,2004,51,79
Pick 10,2004,52,94
Pick 10,2004,53,91
Pick 10,2004,54,87
Pick 10,2004,55,89
Pick 10,2004,56,90
Pick 10,2004,57,92
Pick 10,2004,58,89
Pick 10,2004,59,84
Pick 10,2004,60,86
Pick 10,2004,61,92
Pick 10,2004,62,93
Pick 10,2004,63,94
Pick 10,2004,64,100
Pick 10,2004,65,103
Pick 10,2004,66,91
Pick 10,2004,67,95
Pick 10,2004,68,94
Pick 10,2004,69,92
Pick 10,2004,70,88
Pick 10,2004,71,88
Pick 10,2004,72,90
Pick 10,2004,73,93
Pick 10,2004,74,96
Pick 10,2004,75,75
Pick 10,2004,76,93
Pick 10,2004,77,77
Pick 10,2004,78,91
Pick 10,2004,79,94
Pick 10,2004,80,70
Pick 10,2005,1,80
Pick 10,2005,2,105
Pick 10,2005,3,69
Pick 10,2005,4,106
Pick 10,2005,5,93
Pick 10,2005,6,88
Pick 10,2005,7,81
Pick 10,2005,8,96
Pick 10,2005,9,96
Pick 10,2005,10,80
Pick 10,2005,11,86
Pick 10,2005,12,100
Pick 10,2005,13,84
Pick 10,2005,14,93
Pick 10,2005,15,80
Pick 10,2005,16,85
Pick 10,2005,17,76
Pick 10,2005,18,93
Pick 10,2005,19,90
Pick 10,2005,20,94
Pick 10,2005,21,93
Pick 10,2005,22,85
Pick 10,2005,23,92
Pick 10,2005,24,94
Pick 10,2005,25,88
Pick 10,2005,26,100
Pick 10,2005,27,91
Pick 10,2005,28,94
Pick 10,2005,29,89
Pick 10,2005,30,108
Pick 10,2005,31,80
Pick 10,2005,32,97
Pick 10,2005,33,102
Pick 10,2005,34,100
Pick 10,2005,35,96
Pick 10,2005,36,78
Pick 10,2005,37,96
Pick 10,2005,38,81
Pick 10,2005,39,105
Pick 10,2005,40,80
Pick 10,2005,41,89
Pick 10,2005,42,90
Pick 10,2005,43,98
Pick 10,2005,44,87
Pick 10,2005,45,83
Pick 10,2005,46,89
Pick 10,2005,47,80
Pick 10,2005,48,81
Pick 10,2005,49,85
Pick 10,2005,50,84
Pick 10,2005,51,108
Pick 10,2005,52,97
Pick 10,2005,53,82
Pick 10,2005,54,84
Pick 10,2005,55,80
Pick 10,2005,56,95
Pick 10,2005,57,94
Pick 10,2005,58,111
Pick 10,2005,59,90
Pick 10,2005,60,99
Pick 10,2005,61,89
Pick 10,2005,62,101
Pick 10,2005,63,97
Pick 10,2005,64,97
Pick 10,2005,65,97
Pick 10,2005,66,77
Pick 10,2005,67,75
Pick 10,2005,68,102
Pick 10,2005,69,98
Pick 10,2005,70,99
Pick 10,2005,71,71
Pick 10,2005,72,91
Pick 10,2005,73,89
Pick 10,2005,74,90
Pick 10,2005,75,94
Pick 10,2005,76,90
Pick 10,2005,77,97
Pick 10,2005,78,102
Pick 10,2005,79,93
Pick 10,2005,80,101
Pick 10,2006,1,89
Pick 10,2006,2,81
Pick 10,2006,3,96
Pick 10,2006,4,92
Pick 10,2006,5,99
Pick 10,2006,6,86
Pick 10,2006,7,88
Pick 10,2006,8,88
Pick 10,2006,9,99
Pick 10,2006,10,101
Pick 10,2006,11,97
Pick 10,2006,12,89
Pick 10,2006,13,101
Pick 10,2006,14,91
Pick 10,2006,15,82
Pick 10,2006,16,89
Pick 10,2006,17,106
Pick 10,2006,18,87
Pick 10,2006,19,85
Pick 10,2006,20,73
Pick 10,2006,21,83
Pick 10,2006,22,100
Pick 10,2006,23,99
Pick 10,2006,24,72
Pick 10,2006,25,85
Pick 10,2006,26,86
Pick 10,2006,27,91
Pick 10,2006,28,104
Pick 10,2006,29,94
Pick 10,2006,30,98
Pick 10,2006,31,102
Pick 10,2006,32,107
Pick 10,2006,33,94
Pick 10,2006,34,78
Pick 10,2006,35,102
Pick 10,2006,36,90
Pick 10,2006,37,92
Pick 10,2006,38,106
Pick 10,2006,39,87
Pick 10,2006,40,101
Pick 10,2006,41,106
Pick 10,2006,42,82
Pick 10,2006,43,85
Pick 10,2006,44,102
Pick 10,2006,45,65
Pick 10,2006,46,87
Pick 10,2006,47,97
Pick 10,2006,48,94
Pick 10,2006,49,93
Pick 10,2006,50,94
Pick 10,2006,51,92
Pick 10,2006,52,101
Pick 10,2006,53,85
Pick 10,2006,54,82
Pick 10,2006,55,87
Pick 10,2006,56,89
Pick 10,2006,57,99
Pick 10,2006,58,93
Pick 10,2006,59,75
Pick 10,2006,60,92
Pick 10,2006,61,95
Pick 10,2006,62,77
Pick 10,2006,63,102
Pick 10,2006,64,82
Pick 10,2006,65,100
Pick 10,2006,66,88
Pick 10,2006,67,102
Pick 10,2006,68,101
Pick 10,2006,69,84
Pick 10,2006,70,80
Pick 10,2006,71,94
Pick 10,2006,72,88
Pick 10,2006,73,94
Pick 10,2006,74,100
Pick 10,2006,75,70
Pick 10,2006,76,80
Pick 10,2006,77,93
Pick 10,2006,78,91
Pick 10,2006,79,88
Pick 10,2006,80,81
Pick 10,2007,1,86
Pick 10,2007,2,98
Pick 10,2007,3,92
Pick 10,2007,4,94
Pick 10,2007,5,94
Pick 10,2007,6,94
Pick 10,2007,7,96
Pick 10,2007,8,85
Pick 10,2007,9,85
Pick 10,2007,10,94
Pick 10,2007,11,100
Pick 10,2007,12,90
Pick 10,2007,13,111
Pick 10,2007,14,99
Pick 10,2007,15,91
Pick 10,2007,16,91
Pick 10,2007,17,76
Pick 10,2007,18,89
Pick 10,2007,19,89
Pick 10,2007,20,109
Pick 10,2007,21,97
Pick 10,2007,22,104
Pick 10,2007,23,91
Pick 10,2007,24,100
Pick 10,2007,25,84
Pick 10,2007,26,94
Pick 10,2007,27,108
Pick 10,2007,28,82
Pick 10,2007,29,77
Pick 10,2007,30,87
Pick 10,2007,31,90
Pick 10,2007,32,82
Pick 10,2007,33,87
Pick 10,2007,34,85
Pick 10,2007,35,94
Pick 10,2007,36,94
Pick 10,2007,37,80
Pick 10,2007,38,89
Pick 10,2007,39,84
Pick 10,2007,40,92
Pick 10,2007,41,84
Pick 10,2007,42,100
Pick 10,2007,43,79
Pick 10,2007,44,81
Pick 10,2007,45,95
Pick 10,2007,46,100
Pick 10,2007,47,81
Pick 10,2007,48,94
Pick 10,2007,49,91
Pick 10,2007,50,81
Pick 10,2007,51,100
Pick 10,2007,52,89
Pick 10,2007,53,92
Pick 10,2007,54,97
Pick 10,2007,55,100
Pick 10,2007,56,94
Pick 10,2007,57,89
Pick 10,2007,58,83
Pick 10,2007,59,86
Pick 10,2007,60,90
Pick 10,2007,61,91
Pick 10,2007,62,83
Pick 10,2007,63,91
Pick 10,2007,64,89
Pick 10,2007,65,87
Pick 10,2007,66,79
Pick 10,2007,67,93
Pick 10,2007,68,89
Pick 10,2007,69,103
Pick 10,2007,70,104
Pick 10,2007,71,91
Pick 10,2007,72,85
Pick 10,2007,73,91
Pick 10,2007,74,91
Pick 10,2007,75,91
Pick 10,2007,76,94
Pick 10,2007,77,83
Pick 10,2007,78,89
Pick 10,2007,79,98
Pick 10,2007,80,88
Pick 10,2008,1,83
Pick 10,2008,2,93
Pick 10,2008,3,95
Pick 10,2008,4,83
Pick 10,2008,5,111
Pick 10,2008,6,95
Pick 10,2008,7,102
Pick 10,2008,8,87
Pick 10,2008,9,92
Pick 10,2008,10,103
Pick 10,2008,11,78
Pick 10,2008,12,79
Pick 10,2008,13,81
Pick 10,2008,14,98
Pick 10,2008,15,88
Pick 10,2008,16,81
Pick 10,2008,17,101
Pick 10,2008,18,95
Pick 10,2008,19,83
Pick 10,2008,20,90
Pick 10,2008,21,106
Pick 10,2008,22,94
Pick 10,2008,23,96
Pick 10,2008,24,78
Pick 10,2008,25,96
Pick 10,2008,26,95
Pick 10,2008,27,77
Pick 10,2008,28,81
Pick 10,2008,29,88
Pick 10,2008,30,111
Pick 10,2008,31,95
Pick 10,2008,32,85
Pick 10,2008,33,100
Pick 10,2008,34,98
Pick 10,2008,35,82
Pick 10,2008,36,84
Pick 10,2008,37,83
Pick 10,2008,38,91
Pick 10,2008,39,96
Pick 10,2008,40,100
Pick 10,2008,41,85
Pick 10,2008,42,93
Pick 10,2008,43,76
Pick 10,2008,44,91
Pick 10,2008,45,92
Pick 10,2008,46,96
Pick 10,2008,47,88
Pick 10,2008,48,90
Pick 10,2008,49,102
Pick 10,2008,50,82
Pick 10,2008,51,98
Pick 10,2008,52,97
Pick 10,2008,53,88
Pick 10,2008,54,93
Pick 10,2008,55,87
Pick 10,2008,56,99
Pick 10,2008,57,100
Pick 10,2008,58,97
Pick 10,2008,59,114
Pick 10,2008,60,90
Pick 10,2008,61,86
Pick 10,2008,62,78
Pick 10,2008,63,90
Pick 10,2008,64,95
Pick 10,2008,65,82
Pick 10,2008,66,94
Pick 10,2008,67,88
Pick 10,2008,68,75
Pick 10,2008,69,97
Pick 10,2008,70,96
Pick 10,2008,71,82
Pick 10,2008,72,101
Pick 10,2008,73,80
Pick 10,2008,74,93
Pick 10,2008,75,90
Pick 10,2008,76,92
Pick 10,2008,77,78
Pick 10,2008,78,97
Pick 10,2008,79,97
Pick 10,2008,80,97
Pick 10,2009,1,95
Pick 10,2009,2,83
Pick 10,2009,3,93
Pick 10,2009,4,85
Pick 10,2009,5,99
Pick 10,2009,6,80
Pick 10,2009,7,77
Pick 10,2009,8,84
Pick 10,2009,9,76
Pick 10,2009,10,89
Pick 10,2009,11,86
Pick 10,2009,12,84
Pick 10,2009,13,102
Pick 10,2009,14,104
Pick 10,2009,15,97
Pick 10,2009,16,83
Pick 10,2009,17,95
Pick 10,2009,18,93
Pick 10,2009,19,101
Pick 10,2009,20,85
Pick 10,2009,21,87
Pick 10,2009,22,91
Pick 10,2009,23,75
Pick 10,2009,24,101
Pick 10,2009,25,97
Pick 10,2009,26,91
Pick 10,2009,27,89
Pick 10,2009,28,106
Pick 10,2009,29,98
Pick 10,2009,30,85
Pick 10,2009,31,96
Pick 10,2009,32,97
Pick 10,2009,33,83
Pick 10,2009,34,89
Pick 10,2009,35,86
Pick 10,2009,36,93
Pick 10,2009,37,118
Pick 10,2009,38,95
Pick 10,2009,39,90
Pick 10,2009,40,94
Pick 10,2009,41,89
Pick 10,2009,42,105
Pick 10,2009,43,94
Pick 10,2009,44,93
Pick 10,2009,45,85
Pick 10,2009,46,99
Pick 10,2009,47,82
Pick 10,2009,48,98
Pick 10,2009,49,97
Pick 10,2009,50,86
Pick 10,2009,51,77
Pick 10,2009,52,96
Pick 10,2009,53,73
Pick 10,2009,54,96
Pick 10,2009,55,98
Pick 10,2009,56,93
Pick 10,2009,57,99
Pick 10,2009,58,103
Pick 10,2009,59,101
Pick 10,2009,60,94
Pick 10,2009,61,75
Pick 10,2009,62,91
Pick 10,2009,63,80
Pick 10,2009,64,79
Pick 10,2009,65,87
Pick 10,2009,66,99
Pick 10,2009,67,94
Pick 10,2009,68,86
Pick 10,2009,69,95
Pick 10,2009,70,78
Pick 10,2009,71,93
Pick 10,2009,72,88
Pick 10,2009,73,110
Pick 10,2009,74,105
Pick 10,2009,75,81
Pick 10,2009,76,80
Pick 10,2009,77,73
Pick 10,2009,78,81
Pick 10,2009,79,86
Pick 10,2009,80,109
Pick 10,2010,1,97
Pick 10,2010,2,93
Pick 10,2010,3,78
Pick 10,2010,4,90
Pick 10,2010,5,93
Pick 10,2010,6,93
Pick 10,2010,7,94
Pick 10,2010,8,87
Pick 10,2010,9,103
Pick 10,2010,10,93
Pick 10,2010,11,96
Pick 10,2010,12,91
Pick 10,2010,13,95
Pick 10,2010,14,91
Pick 10,2010,15,90
Pick 10,2010,16,88
Pick 10,2010,17,91
Pick 10,2010,18,91
Pick 10,2010,19,94
Pick 10,2010,20,91
Pick 10,2010,21,89
Pick 10,2010,22,93
Pick 10,2010,23,101
Pick 10,2010,24,83
Pick 10,2010,25,82
Pick 10,2010,26,105
Pick 10,2010,27,80
Pick 10,2010,28,82
Pick 10,2010,29,82
Pick 10,2010,30,94
Pick 10,2010,31,83
Pick 10,2010,32,92
Pick 10,2010,33,83
Pick 10,2010,34,97
Pick 10,2010,35,96
Pick 10,2010,36,84
Pick 10,2010,37,86
Pick 10,2010,38,87
Pick 10,2010,39,85
Pick 10,2010,40,84
Pick 10,2010,41,93
Pick 10,2010,42,85
Pick 10,2010,43,96
Pick 10,2010,44,96
Pick 10,2010,45,74
Pick 10,2010,46,88
Pick 10,2010,47,94
Pick 10,2010,48,95
Pick 10,2010,49,93
Pick 10,2010,50,93
Pick 10,2010,51,79
Pick 10,2010,52,106
Pick 10,2010,53,97
Pick 10,2010,54,104
Pick 10,2010,55,114
Pick 10,2010,56,87
Pick 10,2010,57,92
Pick 10,2010,58,93
Pick 10,2010,59,102
Pick 10,2010,60,90
Pick 10,2010,61,88
Pick 10,2010,62,90
Pick 10,2010,63,85
Pick 10,2010,64,90
Pick 10,2010,65,85
Pick 10,2010,66,93
Pick 10,2010,67,83
Pick 10,2010,68,99
Pick 10,2010,69,81
Pick 10,2010,70,87
Pick 10,2010,71,89
Pick 10,2010,72,93
Pick 10,2010,73,91
Pick 10,2010,74,87
Pick 10,2010,75,92
Pick 10,2010,76,108
Pick 10,2010,77,84
Pick 10,2010,78,105
Pick 10,2010,79,80
Pick 10,2010,80,92
Pick 10,2011,1,105
Pick 10,2011,2,81
Pick 10,2011,3,87
Pick 10,2011,4,84
Pick 10,2011,5,90
Pick 10,2011,6,101
Pick 10,2011,7,92
Pick 10,2011,8,86
Pick 10,2011,9,91
Pick 10,2011,10,75
Pick 10,2011,11,89
Pick 10,2011,12,83
Pick 10,2011,13,88
Pick 10,2011,14,84
Pick 10,2011,15,102
Pick 10,2011,16,93
Pick 10,2011,17,82
Pick 10,2011,18,92
Pick 10,2011,19,91
Pick 10,2011,20,91
Pick 10,2011,21,102
Pick 10,2011,22,96
Pick 10,2011,23,112
Pick 10,2011,24,87
Pick 10,2011,25,89
Pick 10,2011,26,94
Pick 10,2011,27,92
Pick 10,2011,28,100
Pick 10,2011,29,82
Pick 10,2011,30,92
Pick 10,2011,31,85
Pick 10,2011,32,86
Pick 10,2011,33,97
Pick 10,2011,34,77
Pick 10,2011,35,96
Pick 10,2011,36,96
Pick 10,2011,37,65
Pick 10,2011,38,89
Pick 10,2011,39,89
Pick 10,2011,40,96
Pick 10,2011,41,102
Pick 10,2011,42,97
Pick 10,2011,43,98
Pick 10,2011,44,93
Pick 10,2011,45,86
Pick 10,2011,46,73
Pick 10,2011,47,83
Pick 10,2011,48,97
Pick 10,2011,49,82
Pick 10,2011,50,93
Pick 10,2011,51,93
Pick 10,2011,52,87
Pick 10,2011,53,101
Pick 10,2011,54,87
Pick 10,2011,55,89
Pick 10,2011,56,97
Pick 10,2011,57,110
Pick 10,2011,58,99
Pick 10,2011,59,107
Pick 10,2011,60,96
Pick 10,2011,61,91
Pick 10,2011,62,97
Pick 10,2011,63,88
Pick 10,2011,64,89
Pick 10,2011,65,76
Pick 10,2011,66,93
Pick 10,2011,67,95
Pick 10,2011,68,97
Pick 10,2011,69,82
Pick 10,2011,70,89
Pick 10,2011,71,86
Pick 10,2011,72,112
Pick 10,2011,73,97
Pick 10,2011,74,96
Pick 10,2011,75,78
Pick 10,2011,76,92
Pick 10,2011,77,84
Pick 10,2011,78,103
Pick 10,2011,79,88
Pick 10,2011,80,88
Pick 10,2012,1,91
Pick 10,2012,2,85
Pick 10,2012,3,100
Pick 10,2012,4,91
Pick 10,2012,5,103
Pick 10,2012,6,84
Pick 10,2012,7,76
Pick 10,2012,8,91
Pick 10,2012,9,97
Pick 10,2012,10,93
Pick 10,2012,11,88
Pick 10,2012,12,80
Pick 10,2012,13,91
Pick 10,2012,14,102
Pick 10,2012,15,90
Pick 10,2012,16,90
Pick 10,2012,17,93
Pick 10,2012,18,88
Pick 10,2012,19,87
Pick 10,2012,20,85
Pick 10,2012,21,100
Pick 10,2012,22,96
Pick 10,2012,23,93
Pick 10,2012,24,101
Pick 10,2012,25,83
Pick 10,2012,26,96
Pick 10,2012,27,91
Pick 10,2012,28,91
Pick 10,2012,29,97
Pick 10,2012,30,93
Pick 10,2012,31,85
Pick 10,2012,32,96
Pick 10,2012,33,95
Pick 10,2012,34,93
Pick 10,2012,35,87
Pick 10,2012,36,95
Pick 10,2012,37,71
Pick 10,2012,38,94
Pick 10,2012,39,99
Pick 10,2012,40,106
Pick 10,2012,41,111
Pick 10,2012,42,86
Pick 10,2012,43,92
Pick 10,2012,44,80
Pick 10,2012,45,91
Pick 10,2012,46,82
Pick 10,2012,47,88
Pick 10,2012,48,94
Pick 10,2012,49,94
Pick 10,2012,50,92
Pick 10,2012,51,97
Pick 10,2012,52,90
Pick 10,2012,53,97
Pick 10,2012,54,107
Pick 10,2012,55,87
Pick 10,2012,56,101
Pick 10,2012,57,86
Pick 10,2012,58,79
Pick 10,2012,59,93
Pick 10,2012,60,105
Pick 10,2012,61,93
Pick 10,2012,62,107
Pick 10,2012,63,102
Pick 10,2012,64,82
Pick 10,2012,65,92
Pick 10,2012,66,102
Pick 10,2012,67,88
Pick 10,2012,68,70
Pick 10,2012,69,97
Pick 10,2012,70,90
Pick 10,2012,71,84
Pick 10,2012,72,90
Pick 10,2012,73,81
Pick 10,2012,74,77
Pick 10,2012,75,88
Pick 10,2012,76,102
Pick 10,2012,77,98
Pick 10,2012,78,89
Pick 10,2012,79,82
Pick 10,2012,80,87
Pick 10,2013,1,77
Pick 10,2013,2,92
Pick 10,2013,3,105
Pick 10,2013,4,101
Pick 10,2013,5,95
Pick 10,2013,6,104
Pick 10,2013,7,86
Pick 10,2013,8,89
Pick 10,2013,9,99
Pick 10,2013,10,78
Pick 10,2013,11,106
Pick 10,2013,12,88
Pick 10,2013,13,96
Pick 10,2013,14,98
Pick 10,2013,15,81
Pick 10,2013,16,90
Pick 10,2013,17,94
Pick 10,2013,18,85
Pick 10,2013,19,82
Pick 10,2013,20,86
Pick 10,2013,21,86
Pick 10,2013,22,88
Pick 10,2013,23,90
Pick 10,2013,24,88
Pick 10,2013,25,91
Pick 10,2013,26,90
Pick 10,2013,27,109
Pick 10,2013,28,98
Pick 10,2013,29,96
Pick 10,2013,30,96
Pick 10,2013,31,84
Pick 10,2013,32,85
Pick 10,2013,33,95
Pick 10,2013,34,73
Pick 10,2013,35,93
Pick 10,2013,36,95
Pick 10,2013,37,86
Pick 10,2013,38,83
Pick 10,2013,39,90
Pick 10,2013,40,94
Pick 10,2013,41,90
Pick 10,2013,42,89
Pick 10,2013,43,98
Pick 10,2013,44,76
Pick 10,2013,45,89
Pick 10,2013,46,85
Pick 10,2013,47,89
Pick 10,2013,48,100
Pick 10,2013,49,97
Pick 10,2013,50,85
Pick 10,2013,51,68
Pick 10,2013,52,91
Pick 10,2013,53,82
Pick 10,2013,54,80
Pick 10,2013,55,83
Pick 10,2013,56,82
Pick 10,2013,57,100
Pick 10,2013,58,90
Pick 10,2013,59,86
Pick 10,2013,60,104
Pick 10,2013,61,94
Pick 10,2013,62,104
Pick 10,2013,63,78
Pick 10,2013,64,97
Pick 10,2013,65,82
Pick 10,2013,66,93
Pick 10,2013,67,85
Pick 10,2013,68,89
Pick 10,2013,69,95
Pick 10,2013,70,99
Pick 10,2013,71,89
Pick 10,2013,72,100
Pick 10,2013,73,91
Pick 10,2013,74,101
Pick 10,2013,75,90
Pick 10,2013,76,86
Pick 10,2013,77,86
Pick 10,2013,78,87
Pick 10,2013,79,93
Pick 10,2013,80,95
Pick 10,2014,1,84
Pick 10,2014,2,82
Pick 10,2014,3,89
Pick 10,2014,4,99
Pick 10,2014,5,101
Pick 10,2014,6,83
Pick 10,2014,7,78
Pick 10,2014,8,106
Pick 10,2014,9,97
Pick 10,2014,10,99
Pick 10,2014,11,87
Pick 10,2014,12,91
Pick 10,2014,13,82
Pick 10,2014,14,106
Pick 10,2014,15,79
Pick 10,2014,16,85
Pick 10,2014,17,85
Pick 10,2014,18,95
Pick 10,2014,19,89
Pick 10,2014,20,104
Pick 10,2014,21,77
Pick 10,2014,22,85
Pick 10,2014,23,83
Pick 10,2014,24,102
Pick 10,2014,25,88
Pick 10,2014,26,111
Pick 10,2014,27,85
Pick 10,2014,28,85
Pick 10,2014,29,96
Pick 10,2014,30,92
Pick 10,2014,31,98
Pick 10,2014,32,87
Pick 10,2014,33,88
Pick 10,2014,34,90
Pick 10,2014,35,104
Pick 10,2014,36,90
Pick 10,2014,37,84
Pick 10,2014,38,104
Pick 10,2014,39,93
Pick 10,2014,40,92
Pick 10,2014,41,94
Pick 10,2014,42,82
Pick 10,2014,43,70
Pick 10,2014,44,96
Pick 10,2014,45,92
Pick 10,2014,46,92
Pick 10,2014,47,84
Pick 10,2014,48,90
Pick 10,2014,49,75
Pick 10,2014,50,90
Pick 10,2014,51,83
Pick 10,2014,52,88
Pick 10,2014,53,85
Pick 10,2014,54,88
Pick 10,2014,55,84
Pick 10,2014,56,94
Pick 10,2014,57,93
Pick 10,2014,58,91
Pick 10,2014,59,96
Pick 10,2014,60,86
Pick 10,2014,61,89
Pick 10,2014,62,106
Pick 10,2014,63,85
Pick 10,2014,64,93
Pick 10,2014,65,82
Pick 10,2014,66,97
Pick 10,2014,67,92
Pick 10,2014,68,111
Pick 10,2014,69,94
Pick 10,2014,70,79
Pick 10,2014,71,100
Pick 10,2014,72,89
Pick 10,2014,73,94
Pick 10,2014,74,80
Pick 10,2014,75,89
Pick 10,2014,76,85
Pick 10,2014,77,89
Pick 10,2014,78,80
Pick 10,2014,79,80
Pick 10,2014,80,98
Pick 10,2015,1,107
Pick 10,2015,2,95
Pick 10,2015,3,101
Pick 10,2015,4,105
Pick 10,2015,5,83
Pick 10,2015,6,100
Pick 10,2015,7,75
Pick 10,2015,8,98
Pick 10,2015,9,93
Pick 10,2015,10,93
Pick 10,2015,11,102
Pick 10,2015,12,99
Pick 10,2015,13,88
Pick 10,2015,14,80
Pick 10,2015,15,97
Pick 10,2015,16,88
Pick 10,2015,17,91
Pick 10,2015,18,76
Pick 10,2015,19,86
Pick 10,2015,20,99
Pick 10,2015,21,99
Pick 10,2015,22,88
Pick 10,2015,23,105
Pick 10,2015,24,95
Pick 10,2015,25,100
Pick 10,2015,26,95
Pick 10,2015,27,77
Pick 10,2015,28,92
Pick 10,2015,29,84
Pick 10,2015,30,89
Pick 10,2015,31,82
Pick 10,2015,32,87
Pick 10,2015,33,93
Pick 10,2015,34,94
Pick 10,2015,35,92
Pick 10,2015,36,93
Pick 10,2015,37,105
Pick 10,2015,38,87
Pick 10,2015,39,91
Pick 10,2015,40,91
Pick 10,2015,41,95
Pick 10,2015,42,93
Pick 10,2015,43,99
Pick 10,2015,44,99
Pick 10,2015,45,89
Pick 10,2015,46,89
Pick 10,2015,47,77
Pick 10,2015,48,72
Pick 10,2015,49,89
Pick 10,2015,50,85
Pick 10,2015,51,87
Pick 10,2015,52,77
Pick 10,2015,53,94
Pick 10,2015,54,97
Pick 10,2015,55,97
Pick 10,2015,56,91
Pick 10,2015,57,94
Pick 10,2015,58,95
Pick 10,2015,59,97
Pick 10,2015,60,97
Pick 10,2015,61,72
Pick 10,2015,62,86
Pick 10,2015,63,83
Pick 10,2015,64,85
Pick 10,2015,65,82
Pick 10,2015,66,105
Pick 10,2015,67,84
Pick 10,2015,68,89
Pick 10,2015,69,82
Pick 10,2015,70,79
Pick 10,2015,71,84
Pick 10,2015,72,85
Pick 10,2015,73,89
Pick 10,2015,74,96
Pick 10,2015,75,100
Pick 10,2015,76,78
Pick 10,2015,77,99
Pick 10,2015,78,96
Pick 10,2015,79,95
Pick 10,2015,80,83
Pick 10,2016,1,88
Pick 10,2016,2,82
Pick 10,2016,3,101
Pick 10,2016,4,90
Pick 10,2016,5,89
Pick 10,2016,6,80
Pick 10,2016,7,94
Pick 10,2016,8,90
Pick 10,2016,9,99
Pick 10,2016,10,87
Pick 10,2016,11,96
Pick 10,2016,12,98
Pick 10,2016,13,92
Pick 10,2016,14,94
Pick 10,2016,15,93
Pick 10,2016,16,89
Pick 10,2016,17,88
Pick 10,2016,18,91
Pick 10,2016,19,96
Pick 10,2016,20,84
Pick 10,2016,21,101
Pick 10,2016,22,92
Pick 10,2016,23,95
Pick 10,2016,24,97
Pick 10,2016,25,88
Pick 10,2016,26,70
Pick 10,2016,27,91
Pick 10,2016,28,94
Pick 10,2016,29,85
Pick 10,2016,30,91
Pick 10,2016,31,106
Pick 10,2016,32,99
Pick 10,2016,33,86
Pick 10,2016,34,90
Pick 10,2016,35,89
Pick 10,2016,36,89
Pick 10,2016,37,80
Pick 10,2016,38,105
Pick 10,2016,39,81
Pick 10,2016,40,103
Pick 10,2016,41,85
Pick 10,2016,42,95
Pick 10,2016,43,104
Pick 10,2016,44,94
Pick 10,2016,45,100
Pick 10,2016,46,109
Pick 10,2016,47,93
Pick 10,2016,48,82
Pick 10,2016,49,92
Pick 10,2016,50,102
Pick 10,2016,51,86
Pick 10,2016,52,86
Pick 10,2016,53,87
Pick 10,2016,54,81
Pick 10,2016,55,95
Pick 10,2016,56,86
Pick 10,2016,57,88
Pick 10,2016,58,93
Pick 10,2016,59,80
Pick 10,2016,60,98
Pick 10,2016,61,97
Pick 10,2016,62,101
Pick 10,2016,63,106
Pick 10,2016,64,97
Pick 10,2016,65,77
Pick 10,2016,66,92
Pick 10,2016,67,88
Pick 10,2016,68,91
Pick 10,2016,69,97
Pick 10,2016,70,91
Pick 10,2016,71,101
Pick 10,2016,72,83
Pick 10,2016,73,94
Pick 10,2016,74,89
Pick 10,2016,75,80
Pick 10,2016,76,90
Pick 10,2016,77,88
Pick 10,2016,78,93
Pick 10,2016,79,93
Pick 10,2016,80,83
Pick 10,2017,1,96
Pick 10,2017,2,76
Pick 10,2017,3,91
Pick 10,2017,4,99
Pick 10,2017,5,80
Pick 10,2017,6,94
Pick 10,2017,7,85
Pick 10,2017,8,81
Pick 10,2017,9,90
Pick 10,2017,10,98
Pick 10,2017,11,91
Pick 10,2017,12,93
Pick 10,2017,13,101
Pick 10,2017,14,102
Pick 10,2017,15,100
Pick 10,2017,16,96
Pick 10,2017,17,84
Pick 10,2017,18,81
Pick 10,2017,19,80
Pick 10,2017,20,95
Pick 10,2017,21,99
Pick 10,2017,22,96
Pick 10,2017,23,100
Pick 10,2017,24,107
Pick 10,2017,25,90
Pick 10,2017,26,84
Pick 10,2017,27,103
Pick 10,2017,28,93
Pick 10,2017,29,95
Pick 10,2017,30,96
Pick 10,2017,31,82
Pick 10,2017,32,84
Pick 10,2017,33,94
Pick 10,2017,34,89
Pick 10,2017,35,88
Pick 10,2017,36,68
Pick 10,2017,37,80
Pick 10,2017,38,88
Pick 10,2017,39,83
Pick 10,2017,40,74
Pick 10,2017,41,93
Pick 10,2017,42,89
Pick 10,2017,43,90
Pick 10,2017,44,97
Pick 10,2017,45,95
Pick 10,2017,46,87
Pick 10,2017,47,101
Pick 10,2017,48,92
Pick 10,2017,49,89
Pick 10,2017,50,100
Pick 10,2017,51,92
Pick 10,2017,52,96
Pick 10,2017,53,83
Pick 10,2017,54,79
Pick 10,2017,55,76
Pick 10,2017,56,94
Pick 10,2017,57,94
Pick 10,2017,58,88
Pick 10,2017,59,91
Pick 10,2017,60,91
Pick 10,2017,61,86
Pick 10,2017,62,86
Pick 10,2017,63,100
Pick 10,2017,64,102
Pick 10,2017,65,101
Pick 10,2017,66,80
Pick 10,2017,67,103
Pick 10,2017,68,96
Pick 10,2017,69,96
Pick 10,2017,70,68
Pick 10,2017,71,82
Pick 10,2017,72,98
Pick 10,2017,73,95
Pick 10,2017,74,103
Pick 10,2017,75,80
Pick 10,2017,76,84
Pick 10,2017,77,85
Pick 10,2017,78,96
Pick 10,2017,79,92
Pick 10,2017,80,104
Pick 10,2018,1,86
Pick 10,2018,2,91
Pick 10,2018,3,93
Pick 10,2018,4,97
Pick 10,2018,5,98
Pick 10,2018,6,100
Pick 10,2018,7,87
Pick 10,2018,8,101
Pick 10,2018,9,119
Pick 10,2018,10,70
Pick 10,2018,11,77
Pick 10,2018,12,92
Pick 10,2018,13,89
Pick 10,2018,14,92
Pick 10,2018,15,94
Pick 10,2018,16,95
Pick 10,2018,17,75
Pick 10,2018,18,91
Pick 10,2018,19,88
Pick 10,2018,20,90
Pick 10,2018,21,86
Pick 10,2018,22,83
Pick 10,2018,23,98
Pick 10,2018,24,84
Pick 10,2018,25,83
Pick 10,2018,26,98
Pick 10,2018,27,94
Pick 10,2018,28,81
Pick 10,2018,29,87
Pick 10,2018,30,93
Pick 10,2018,31,108
Pick 10,2018,32,89
Pick 10,2018,33,92
Pick 10,2018,34,88
Pick 10,2018,35,92
Pick 10,2018,36,94
Pick 10,2018,37,88
Pick 10,2018,38,99
Pick 10,2018,39,94
Pick 10,2018,40,92
Pick 10,2018,41,87
Pick 10,2018,42,108
Pick 10,2018,43,97
Pick 10,2018,44,85
Pick 10,2018,45,101
Pick 10,2018,46,89
Pick 10,2018,47,88
Pick 10,2018,48,73
Pick 10,2018,49,91
Pick 10,2018,50,102
Pick 10,2018,51,87
Pick 10,2018,52,92
Pick 10,2018,53,98
Pick 10,2018,54,89
Pick 10,2018,55,81
Pick 10,2018,56,96
Pick 10,2018,57,85
Pick 10,2018,58,83
Pick 10,2018,59,101
Pick 10,2018,60,102
Pick 10,2018,61,92
Pick 10,2018,62,92
Pick 10,2018,63,101
Pick 10,2018,64,96
Pick 10,2018,65,89
Pick 10,2018,66,89
Pick 10,2018,67,96
Pick 10,2018,68,87
Pick 10,2018,69,105
Pick 10,2018,70,86
Pick 10,2018,71,87
Pick 10,2018,72,95
Pick 10,2018,73,79
Pick 10,2018,74,85
Pick 10,2018,75,98
Pick 10,2018,76,89
Pick 10,2018,77,96
Pick 10,2018,78,83
Pick 10,2018,79,79
Pick 10,2018,80,93
Pick 10,2019,1,90
Pick 10,2019,2,95
Pick 10,2019,3,93
Pick 10,2019,4,84
Pick 10,2019,5,88
Pick 10,2019,6,89
Pick 10,2019,7,82
Pick 10,2019,8,94
Pick 10,2019,9,95
Pick 10,2019,10,80
Pick 10,2019,11,93
Pick 10,2019,12,98
Pick 10,2019,13,89
Pick 10,2019,14,88
Pick 10,2019,15,84
Pick 10,2019,16,89
Pick 10,2019,17,93
Pick 10,2019,18,99
Pick 10,2019,19,87
Pick 10,2019,20,88
Pick 10,2019,21,82
Pick 10,2019,22,80
Pick 10,2019,23,90
Pick 10,2019,24,101
Pick 10,2019,25,88
Pick 10,2019,26,92
Pick 10,2019,27,98
Pick 10,2019,28,80
Pick 10,2019,29,84
Pick 10,2019,30,109
Pick 10,2019,31,75
Pick 10,2019,32,102
Pick 10,2019,33,100
Pick 10,2019,34,82
Pick 10,2019,35,90
Pick 10,2019,36,97
Pick 10,2019,37,93
Pick 10,2019,38,87
Pick 10,2019,39,76
Pick 10,2019,40,93
Pick 10,2019,41,94
Pick 10,2019,42,77
Pick 10,2019,43,88
Pick 10,2019,44,96
Pick 10,2019,45,108
Pick 10,2019,46,97
Pick 10,2019,47,83
Pick 10,2019,48,79
Pick 10,2019,49,88
Pick 10,2019,50,78
Pick 10,2019,51,100
Pick 10,2019,52,94
Pick 10,2019,53,111
Pick 10,2019,54,83
Pick 10,2019,55,82
Pick 10,2019,56,90
Pick 10,2019,57,105
Pick 10,2019,58,95
Pick 10,2019,59,98
Pick 10,2019,60,98
Pick 10,2019,61,101
Pick 10,2019,62,92
Pick 10,2019,63,99
Pick 10,2019,64,97
Pick 10,2019,65,92
Pick 10,2019,66,70
Pick 10,2019,67,88
Pick 10,2019,68,107
Pick 10,2019,69,91
Pick 10,2019,70,98
Pick 10,2019,71,101
Pick 10,2019,72,89
Pick 10,2019,73,73
Pick 10,2019,74,89
Pick 10,2019,75,96
Pick 10,2019,76,88
Pick 10,2019,77,80
Pick 10,2019,78,92
Pick 10,2019,79,93
Pick 10,2019,80,103
Pick 10,2020,1,82
Pick 10,2020,2,92
Pick 10,2020,3,102
Pick 10,2020,4,90
Pick 10,2020,5,92
Pick 10,2020,6,102
Pick 10,2020,7,99
Pick 10,2020,8,99
Pick 10,2020,9,88
Pick 10,2020,10,86
Pick 10,2020,11,77
Pick 10,2020,12,93
Pick 10,2020,13,82
Pick 10,2020,14,80
Pick 10,2020,15,92
Pick 10,2020,16,105
Pick 10,2020,17,87
Pick 10,2020,18,97
Pick 10,2020,19,88
Pick 10,2020,20,105
Pick 10,2020,21,100
Pick 10,2020,22,88
Pick 10,2020,23,104
Pick 10,2020,24,89
Pick 10,2020,25,89
Pick 10,2020,26,88
Pick 10,2020,27,89
Pick 10,2020,28,103
Pick 10,2020,29,83
Pick 10,2020,30,87
Pick 10,2020,31,99
Pick 10,2020,32,101
Pick 10,2020,33,97
Pick 10,2020,34,81
Pick 10,2020,35,92
Pick 10,2020,36,78
Pick 10,2020,37,77
Pick 10,2020,38,87
Pick 10,2020,39,95
Pick 10,2020,40,83
Pick 10,2020,41,78
Pick 10,2020,42,89
Pick 10,2020,43,101
Pick 10,2020,44,87
Pick 10,2020,45,85
Pick 10,2020,46,88
Pick 10,2020,47,93
Pick 10,2020,48,92
Pick 10,2020,49,90
Pick 10,2020,50,97
Pick 10,2020,51,92
Pick 10,2020,52,88
Pick 10,2020,53,88
Pick 10,2020,54,90
Pick 10,2020,55,80
Pick 10,2020,56,95
Pick 10,2020,57,94
Pick 10,2020,58,96
Pick 10,2020,59,87
Pick 10,2020,60,84
Pick 10,2020,61,102
Pick 10,2020,62,84
Pick 10,2020,63,104
Pick 10,2020,64,88
Pick 10,2020,65,95
Pick 10,2020,66,84
Pick 10,2020,67,87
Pick 10,2020,68,94
Pick 10,2020,69,92
Pick 10,2020,70,87
Pick 10,2020,71,97
Pick 10,2020,72,104
Pick 10,2020,73,73
Pick 10,2020,74,99
Pick 10,2020,75,111
Pick 10,2020,76,97
Pick 10,2020,77,93
Pick 10,2020,78,81
Pick 10,2020,79,86
Pick 10,2020,80,80
Pick 10,2021,1,98
Pick 10,2021,2,94
Pick 10,2021,3,87
Pick 10,2021,4,93
Pick 10,2021,5,84
Pick 10,2021,6,103
Pick 10,2021,7,97
Pick 10,2021,8,90
Pick 10,2021,9,82
Pick 10,2021,10,100
Pick 10,2021,11,90
Pick 10,2021,12,87
Pick 10,2021,13,94
Pick 10,2021,14,100
Pick 10,2021,15,80
Pick 10,2021,16,81
Pick 10,2021,17,102
Pick 10,2021,18,99
Pick 10,2021,19,97
Pick 10,2021,20,96
Pick 10,2021,21,99
Pick 10,2021,22,90
Pick 10,2021,23,93
Pick 10,2021,24,89
Pick 10,2021,25,77
Pick 10,2021,26,91
Pick 10,2021,27,85
Pick 10,2021,28,87
Pick 10,2021,29,93
Pick 10,2021,30,84
Pick 10,2021,31,104
Pick 10,2021,32,85
Pick 10,2021,33,86
Pick 10,2021,34,99
Pick 10,2021,35,83
Pick 10,2021,36,93
Pick 10,2021,37,91
Pick 10,2021,38,95
Pick 10,2021,39,86
Pick 10,2021,40,99
Pick 10,2021,41,97
Pick 10,2021,42,89
Pick 10,2021,43,95
Pick 10,2021,44,98
Pick 10,2021,45,82
Pick 10,2021,46,110
Pick 10,2021,47,76
Pick 10,2021,48,96
Pick 10,2021,49,94
Pick 10,2021,50,82
Pick 10,2021,51,83
Pick 10,2021,52,94
Pick 10,2021,53,94
Pick 10,2021,54,93
Pick 10,2021,55,96
Pick 10,2021,56,95
Pick 10,2021,57,86
Pick 10,2021,58,97
Pick 10,2021,59,93
Pick 10,2021,60,94
Pick 10,2021,61,103
Pick 10,2021,62,88
Pick 10,2021,63,80
Pick 10,2021,64,83
Pick 10,2021,65,96
Pick 10,2021,66,81
Pick 10,2021,67,91
Pick 10,2021,68,80
Pick 10,2021,69,78
Pick 10,2021,70,92
Pick 10,2021,71,75
Pick 10,2021,72,108
Pick 10,2021,73,87
Pick 10,2021,74,98
Pick 10,2021,75,79
Pick 10,2021,76,78
Pick 10,2021,77,90
Pick 10,2021,78,98
Pick 10,2021,79,102
Pick 10,2021,80,106
Pick 10,2022,1,91
Pick 10,2022,2,92
Pick 10,2022,3,96
Pick 10,2022,4,89
Pick 10,2022,5,83
Pick 10,2022,6,81
Pick 10,2022,7,94
Pick 10,2022,8,93
Pick 10,2022,9,98
Pick 10,2022,10,98
Pick 10,2022,11,112
Pick 10,2022,12,91
Pick 10,2022,13,90
Pick 10,2022,14,86
Pick 10,2022,15,95
Pick 10,2022,16,87
Pick 10,2022,17,77
Pick 10,2022,18,92
Pick 10,2022,19,107
Pick 10,2022,20,96
Pick 10,2022,21,98
Pick 10,2022,22,96
Pick 10,2022,23,107
Pick 10,2022,24,86
Pick 10,2022,25,75
Pick 10,2022,26,87
Pick 10,2022,27,89
Pick 10,2022,28,85
Pick 10,2022,29,91
Pick 10,2022,30,87
Pick 10,2022,31,79
Pick 10,2022,32,92
Pick 10,2022,33,94
Pick 10,2022,34,102
Pick 10,2022,35,90
Pick 10,2022,36,101
Pick 10,2022,37,81
Pick 10,2022,38,95
Pick 10,2022,39,84
Pick 10,2022,40,76
Pick 10,2022,41,90
Pick 10,2022,42,92
Pick 10,2022,43,85
Pick 10,2022,44,92
Pick 10,2022,45,79
Pick 10,2022,46,95
Pick 10,2022,47,92
Pick 10,2022,48,93
Pick 10,2022,49,91
Pick 10,2022,50,89
Pick 10,2022,51,80
Pick 10,2022,52,95
Pick 10,2022,53,98
Pick 10,2022,54,83
Pick 10,2022,55,96
Pick 10,2022,56,86
Pick 10,2022,57,93
Pick 10,2022,58,100
Pick 10,2022,59,85
Pick 10,2022,60,72
Pick 10,2022,61,92
Pick 10,2022,62,85
Pick 10,2022,63,104
Pick 10,2022,64,88
Pick 10,2022,65,81
Pick 10,2022,66,85
Pick 10,2022,67,83
Pick 10,2022,68,102
Pick 10,2022,69,87
Pick 10,2022,70,93
Pick 10,2022,71,77
Pick 10,2022,72,97
Pick 10,2022,73,104
Pick 10,2022,74,78
Pick 10,2022,75,83
Pick 10,2022,76,93
Pick 10,2022,77,83
Pick 10,2022,78,91
Pick 10,2022,79,102
Pick 10,2022,80,103
Pick 10,2023,1,88
Pick 10,2023,2,90
Pick 10,2023,3,84
Pick 10,2023,4,91
Pick 10,2023,5,87
Pick 10,2023,6,92
Pick 10,2023,7,85
Pick 10,2023,8,100
Pick 10,2023,9,99
Pick 10,2023,10,89
Pick 10,2023,11,87
Pick 10,2023,12,84
Pick 10,2023,13,76
Pick 10,2023,14,94
Pick 10,2023,15,97
Pick 10,2023,16,90
Pick 10,2023,17,104
Pick 10,2023,18,82
Pick 10,2023,19,99
Pick 10,2023,20,83
Pick 10,2023,21,82
Pick 10,2023,22,74
Pick 10,2023,23,95
Pick 10,2023,24,100
Pick 10,2023,25,80
Pick 10,2023,26,93
Pick 10,2023,27,108
Pick 10,2023,28,101
Pick 10,2023,29,104
Pick 10,2023,30,94
Pick 10,2023,31,85
Pick 10,2023,32,92
Pick 10,2023,33,104
Pick 10,2023,34,90
Pick 10,2023,35,108
Pick 10,2023,36,87
Pick 10,2023,37,93
Pick 10,2023,38,92
Pick 10,2023,39,90
Pick 10,2023,40,94
Pick 10,2023,41,88
Pick 10,2023,42,91
Pick 10,2023,43,89
Pick 10,2023,44,77
Pick 10,2023,45,93
Pick 10,2023,46,93
Pick 10,2023,47,94
Pick 10,2023,48,91
Pick 10,2023,49,90
Pick 10,2023,50,92
Pick 10,2023,51,78
Pick 10,2023,52,103
Pick 10,2023,53,93
Pick 10,2023,54,88
Pick 10,2023,55,86
Pick 10,2023,56,82
Pick 10,2023,57,88
Pick 10,2023,58,82
Pick 10,2023,59,96
Pick 10,2023,60,91
Pick 10,2023,61,83
Pick 10,2023,62,95
Pick 10,2023,63,93
Pick 10,2023,64,100
Pick 10,2023,65,80
Pick 10,2023,66,79
Pick 10,2023,67,92
Pick 10,2023,68,108
Pick 10,2023,69,86
Pick 10,2023,70,92
Pick 10,2023,71,98
Pick 10,2023,72,94
Pick 10,2023,73,85
Pick 10,2023,74,89
Pick 10,2023,75,97
Pick 10,2023,76,84
Pick 10,2023,77,100
Pick 10,2023,78,100
Pick 10,2023,79,88
Pick 10,2023,80,85
Pick 10,2024,1,30
Pick 10,2024,2,30
Pick 10,2024,3,25
Pick 10,2024,4,27
Pick 10,2024,5,26
Pick 10,2024,6,29
Pick 10,2024,7,31
Pick 10,2024,8,28
Pick 10,2024,9,24
Pick 10,2024,10,27
Pick 10,2024,11,19
Pick 10,2024,12,21
Pick 10,2024,13,25
Pick 10,2024,14,34
Pick 10,2024,15,24
Pick 10,2024,16,33
Pick 10,2024,17,25
Pick 10,2024,18,24
Pick 10,2024,19,32
Pick 10,2024,20,28
Pick 10,2024,21,23
Pick 10,2024,22,25
Pick 10,2024,23,24
Pick 10,2024,24,23
Pick 10,2024,25,23
Pick 10,2024,26,25
Pick 10,2024,27,24
Pick 10,2024,28,26
Pick 10,2024,29,27
Pick 10,2024,30,30
Pick 10,2024,31,26
Pick 10,2024,32,40
Pick 10,2024,33,31
Pick 10,2024,34,27
Pick 10,2024,35,26
Pick 10,2024,36,35
Pick 10,2024,37,22
Pick 10,2024,38,31
Pick 10,2024,39,33
Pick 10,2024,40,18
Pick 10,2024,41,24
Pick 10,2024,42,31
Pick 10,2024,43,31
Pick 10,2024,44,31
Pick 10,2024,45,24
Pick 10,2024,46,28
Pick 10,2024,47,21
Pick 10,2024,48,22
Pick 10,2024,49,28
Pick 10,2024,50,35
Pick 10,2024,51,34
Pick 10,2024,52,27
Pick 10,2024,53,28
Pick 10,2024,54,17
Pick 10,2024,55,35
Pick 10,2024,56,32
Pick 10,2024,57,27
Pick 10,2024,58,31
Pick 10,2024,59,26
Pick 10,2024,60,28
Pick 10,2024,61,27
Pick 10,2024,62,27
Pick 10,2024,63,30
Pick 10,2024,64,35
Pick 10,2024,65,28
Pick 10,2024,66,37
Pick 10,2024,67,32
Pick 10,2024,68,21
Pick 10,2024,69,33
Pick 10,2024,70,28
Pick 10,2024,71,30
Pick 10,2024,72,30
Pick 10,2024,73,26
Pick 10,2024,74,29
Pick 10,2024,75,35
Pick 10,2024,76,35
Pick 10,2024,77,23
Pick 10,2024,78,24
Pick 10,2024,79,23
Pick 10,2024,80,26
Powerball,2015,2,3
Powerball,2015,4,2
Powerball,2015,6,1
Powerball,2015,7,2
Powerball,2015,9,2
Powerball,2015,10,2
Powerball,2015,12,3
Powerball,2015,13,1
Powerball,2015,14,3
Powerball,2015,15,1
Powerball,2015,16,4
Powerball,2015,17,2
Powerball,2015,18,2
Powerball,2015,19,2
Powerball,2015,20,4
Powerball,2015,22,1
Powerball,2015,25,2
Powerball,2015,26,1
Powerball,2015,27,3
Powerball,2015,28,1
Powerball,2015,29,3
Powerball,2015,30,4
Powerball,2015,31,2
Powerball,2015,32,4
Powerball,2015,33,1
Powerball,2015,36,1
Powerball,2015,37,2
Powerball,2015,38,2
Powerball,2015,40,4
Powerball,2015,41,2
Powerball,2015,42,2
Powerball,2015,43,1
Powerball,2015,44,1
Powerball,2015,45,1
Powerball,2015,46,2
Powerball,2015,47,4
Powerball,2015,48,2
Powerball,2015,49,1
Powerball,2015,50,2
Powerball,2015,52,2
Powerball,2015,53,2
Powerball,2015,54,2
Powerball,2015,55,3
Powerball,2015,56,4
Powerball,2015,57,3
Powerball,2015,58,1
Powerball,2015,59,2
Powerball,2015,60,1
Powerball,2015,61,1
Powerball,2015,62,3
Powerball,2015,63,2
Powerball,2015,64,3
Powerball,2015,65,2
Powerball,2015,66,2
Powerball,2015,67,2
Powerball,2015,68,4
Powerball,2015,69,3
Powerball,2016,1,5
Powerball,2016,2,7
Powerball,2016,3,14
Powerball,2016,4,5
Powerball,2016,5,8
Powerball,2016,6,4
Powerball,2016,7,7
Powerball,2016,8,6
Powerball,2016,9,5
Powerball,2016,10,9
Powerball,2016,11,12
Powerball,2016,12,10
Powerball,2016,13,5
Powerball,2016,14,4
Powerball,2016,15,6
Powerball,2016,16,11
Powerball,2016,17,6
Powerball,2016,18,6
Powerball,2016,19,7
Powerball,2016,20,7
Powerball,2016,21,8
Powerball,2016,22,7
Powerball,2016,23,16
Powerball,2016,24,6
Powerball,2016,25,11
Powerball,2016,26,4
Powerball,2016,27,10
Powerball,2016,28,13
Powerball,2016,29,7
Powerball,2016,30,8
Powerball,2016,31,9
Powerball,2016,32,12
Powerball,2016,33,11
Powerball,2016,34,9
Powerball,2016,35,4
Powerball,2016,36,5
Powerball,2016,37,6
Powerball,2016,38,5
Powerball,2016,39,7
Powerball,2016,40,10
Powerball,2016,41,8
Powerball,2016,42,5
Powerball,2016,43,6
Powerball,2016,44,10
Powerball,2016,45,1
Powerball,2016,46,2
Powerball,2016,47,7
Powerball,2016,48,5
Powerball,2016,49,7
Powerball,2016,50,9
Powerball,2016,51,5
Powerball,2016,52,13
Powerball,2016,53,5
Powerball,2016,54,8
Powerball,2016,55,5
Powerball,2016,56,5
Powerball,2016,57,7
Powerball,2016,58,4
Powerball,2016,59,6
Powerball,2016,60,8
Powerball,2016,61,12
Powerball,2016,62,9
Powerball,2016,63,8
Powerball,2016,64,16
Powerball,2016,65,6
Powerball,2016,66,8
Powerball,2016,67,10
Powerball,2016,68,7
Powerball,2016,69,11
Powerball,2017,1,10
Powerball,2017,2,4
Powerball,2017,3,8
Powerball,2017,4,4
Powerball,2017,5,8
Powerball,2017,6,7
Powerball,2017,7,4
Powerball,2017,8,8
Powerball,2017,9,12
Powerball,2017,10,8
Powerball,2017,11,3
Powerball,2017,12,6
Powerball,2017,13,8
Powerball,2017,14,7
Powerball,2017,15,5
Powerball,2017,16,10
Powerball,2017,17,9
Powerball,2017,18,8
Powerball,2017,19,9
Powerball,2017,20,9
Powerball,2017,21,9
Powerball,2017,22,8
Powerball,2017,23,10
Powerball,2017,24,8
Powerball,2017,25,6
Powerball,2017,26,8
Powerball,2017,27,3
Powerball,2017,28,13
Powerball,2017,29,7
Powerball,2017,30,5
Powerball,2017,31,7
Powerball,2017,32,14
Powerball,2017,33,6
Powerball,2017,34,1
Powerball,2017,35,5
Powerball,2017,36,8
Powerball,2017,37,8
Powerball,2017,38,4
Powerball,2017,39,7
Powerball,2017,40,6
Powerball,2017,41,11
Powerball,2017,42,8
Powerball,2017,43,6
Powerball,2017,44,6
Powerball,2017,45,11
Powerball,2017,46,7
Powerball,2017,47,3
Powerball,2017,48,9
Powerball,2017,49,6
Powerball,2017,50,5
Powerball,2017,51,7
Powerball,2017,52,6
Powerball,2017,53,10
Powerball,2017,54,9
Powerball,2017,55,6
Powerball,2017,56,5
Powerball,2017,57,9
Powerball,2017,58,6
Powerball,2017,59,8
Powerball,2017,60,7
Powerball,2017,61,9
Powerball,2017,62,11
Powerball,2017,63,14
Powerball,2017,64,7
Powerball,2017,65,4
Powerball,2017,66,10
Powerball,2017,67,6
Powerball,2017,68,8
Powerball,2017,69,11
Powerball,2018,1,7
Powerball,2018,2,5
Powerball,2018,3,8
Powerball,2018,4,7
Powerball,2018,5,6
Powerball,2018,6,8
Powerball,2018,7,10
Powerball,2018,8,7
Powerball,2018,9,9
Powerball,2018,10,7
Powerball,2018,11,8
Powerball,2018,12,7
Powerball,2018,13,7
Powerball,2018,14,8
Powerball,2018,15,8
Powerball,2018,16,4
Powerball,2018,17,10
Powerball,2018,18,6
Powerball,2018,19,7
Powerball,2018,20,8
Powerball,2018,21,9
Powerball,2018,22,8
Powerball,2018,23,10
Powerball,2018,24,9
Powerball,2018,25,9
Powerball,2018,26,7
Powerball,2018,27,10
Powerball,2018,28,9
Powerball,2018,29,7
Powerball,2018,30,5
Powerball,2018,31,4
Powerball,2018,32,5
Powerball,2018,33,7
Powerball,2018,34,8
Powerball,2018,35,2
Powerball,2018,36,7
Powerball,2018,37,7
Powerball,2018,38,10
Powerball,2018,39,7
Powerball,2018,40,6
Powerball,2018,41,8
Powerball,2018,42,9
Powerball,2018,43,8
Powerball,2018,44,7
Powerball,2018,45,10
Powerball,2018,46,6
Powerball,2018,47,8
Powerball,2018,48,4
Powerball,2018,49,5
Powerball,2018,50,9
Powerball,2018,51,6
Powerball,2018,52,6
Powerball,2018,53,10
Powerball,2018,54,8
Powerball,2018,55,8
Powerball,2018,56,13
Powerball,2018,57,9
Powerball,2018,58,8
Powerball,2018,59,9
Powerball,2018,60,3
Powerball,2018,61,12
Powerball,2018,62,9
Powerball,2018,63,7
Powerball,2018,64,12
Powerball,2018,65,5
Powerball,2018,66,3
Powerball,2018,67,6
Powerball,2018,68,7
Powerball,2018,69,12
Powerball,2019,1,9
Powerball,2019,2,7
Powerball,2019,3,9
Powerball,2019,4,7
Powerball,2019,5,11
Powerball,2019,6,13
Powerball,2019,7,7
Powerball,2019,8,11
Powerball,2019,9,5
Powerball,2019,10,7
Powerball,2019,11,4
Powerball,2019,12,9
Powerball,2019,13,5
Powerball,2019,14,14
Powerball,2019,15,9
Powerball,2019,16,7
Powerball,2019,17,8
Powerball,2019,18,7
Powerball,2019,19,8
Powerball,2019,20,8
Powerball,2019,21,9
Powerball,2019,22,6
Powerball,2019,23,11
Powerball,2019,24,6
Powerball,2019,25,6
Powerball,2019,26,8
Powerball,2019,27,8
Powerball,2019,28,6
Powerball,2019,29,9
Powerball,2019,30,8
Powerball,2019,31,5
Powerball,2019,32,12
Powerball,2019,33,3
Powerball,2019,34,6
Powerball,2019,35,10
Powerball,2019,36,7
Powerball,2019,37,8
Powerball,2019,38,6
Powerball,2019,39,8
Powerball,2019,40,3
Powerball,2019,41,7
Powerball,2019,42,9
Powerball,2019,43,8
Powerball,2019,44,7
Powerball,2019,45,8
Powerball,2019,46,6
Powerball,2019,47,7
Powerball,2019,48,6
Powerball,2019,49,6
Powerball,2019,50,7
Powerball,2019,51,6
Powerball,2019,52,6
Powerball,2019,53,11
Powerball,2019,54,5
Powerball,2019,55,5
Powerball,2019,56,8
Powerball,2019,57,6
Powerball,2019,58,3
Powerball,2019,59,11
Powerball,2019,60,7
Powerball,2019,61,9
Powerball,2019,62,5
Powerball,2019,63,7
Powerball,2019,64,6
Powerball,2019,65,8
Powerball,2019,66,12
Powerball,2019,67,8
Powerball,2019,68,10
Powerball,2019,69,6
Powerball,2020,1,7
Powerball,2020,2,11
Powerball,2020,3,8
Powerball,2020,4,7
Powerball,2020,5,6
Powerball,2020,6,7
Powerball,2020,7,8
Powerball,2020,8,8
Powerball,2020,9,5
Powerball,2020,10,9
Powerball,2020,11,7
Powerball,2020,12,10
Powerball,2020,13,7
Powerball,2020,14,8
Powerball,2020,15,9
Powerball,2020,16,7
Powerball,2020,17,9
Powerball,2020,18,11
Powerball,2020,19,4
Powerball,2020,20,5
Powerball,2020,21,11
Powerball,2020,22,4
Powerball,2020,23,10
Powerball,2020,24,4
Powerball,2020,25,4
Powerball,2020,26,3
Powerball,2020,27,12
Powerball,2020,28,3
Powerball,2020,29,5
Powerball,2020,30,5
Powerball,2020,31,9
Powerball,2020,32,8
Powerball,2020,33,10
Powerball,2020,34,4
Powerball,2020,35,8
Powerball,2020,36,14
Powerball,2020,37,8
Powerball,2020,38,4
Powerball,2020,39,8
Powerball,2020,40,11
Powerball,2020,41,8
Powerball,2020,42,7
Powerball,2020,43,9
Powerball,2020,44,8
Powerball,2020,45,8
Powerball,2020,46,5
Powerball,2020,47,11
Powerball,2020,48,8
Powerball,2020,49,8
Powerball,2020,50,7
Powerball,2020,51,5
Powerball,2020,52,7
Powerball,2020,53,12
Powerball,2020,54,8
Powerball,2020,55,7
Powerball,2020,56,10
Powerball,2020,57,9
Powerball,2020,58,10
Powerball,2020,59,9
Powerball,2020,60,9
Powerball,2020,61,8
Powerball,2020,62,9
Powerball,2020,63,7
Powerball,2020,64,5
Powerball,2020,65,7
Powerball,2020,66,3
Powerball,2020,67,8
Powerball,2020,68,8
Powerball,2020,69,7
Powerball,2021,1,13
Powerball,2021,2,8
Powerball,2021,3,9
Powerball,2021,4,9
Powerball,2021,5,8
Powerball,2021,6,7
Powerball,2021,7,8
Powerball,2021,8,9
Powerball,2021,9,4
Powerball,2021,10,9
Powerball,2021,11,10
Powerball,2021,12,7
Powerball,2021,13,5
Powerball,2021,14,4
Powerball,2021,15,6
Powerball,2021,16,7
Powerball,2021,17,10
Powerball,2021,18,4
Powerball,2021,19,8
Powerball,2021,20,14
Powerball,2021,21,13
Powerball,2021,22,14
Powerball,2021,23,7
Powerball,2021,24,4
Powerball,2021,25,7
Powerball,2021,26,8
Powerball,2021,27,9
Powerball,2021,28,10
Powerball,2021,29,10
Powerball,2021,30,10
Powerball,2021,31,6
Powerball,2021,32,9
Powerball,2021,33,9
Powerball,2021,34,8
Powerball,2021,35,8
Powerball,2021,36,10
Powerball,2021,37,8
Powerball,2021,38,15
Powerball,2021,39,14
Powerball,2021,40,14
Powerball,2021,41,7
Powerball,2021,42,6
Powerball,2021,43,6
Powerball,2021,44,11
Powerball,2021,45,10
Powerball,2021,46,9
Powerball,2021,47,9
Powerball,2021,48,10
Powerball,2021,49,6
Powerball,2021,50,10
Powerball,2021,51,11
Powerball,2021,52,10
Powerball,2021,53,10
Powerball,2021,54,11
Powerball,2021,55,8
Powerball,2021,56,5
Powerball,2021,57,7
Powerball,2021,58,8
Powerball,2021,59,12
Powerball,2021,60,10
Powerball,2021,61,13
Powerball,2021,62,9
Powerball,2021,63,13
Powerball,2021,64,7
Powerball,2021,65,9
Powerball,2021,66,9
Powerball,2021,67,10
Powerball,2021,68,5
Powerball,2021,69,7
Powerball,2022,1,5
Powerball,2022,2,13
Powerball,2022,3,9
Powerball,2022,4,6
Powerball,2022,5,7
Powerball,2022,6,18
Powerball,2022,7,11
Powerball,2022,8,10
Powerball,2022,9,8
Powerball,2022,10,13
Powerball,2022,11,10
Powerball,2022,12,6
Powerball,2022,13,8
Powerball,2022,14,12
Powerball,2022,15,17
Powerball,2022,16,11
Powerball,2022,17,7
Powerball,2022,18,15
Powerball,2022,19,13
Powerball,2022,20,10
Powerball,2022,21,14
Powerball,2022,22,12
Powerball,2022,23,7
Powerball,2022,24,12
Powerball,2022,25,7
Powerball,2022,26,5
Powerball,2022,27,10
Powerball,2022,28,13
Powerball,2022,29,5
Powerball,2022,30,13
Powerball,2022,31,10
Powerball,2022,32,14
Powerball,2022,33,17
Powerball,2022,34,10
Powerball,2022,35,11
Powerball,2022,36,20
Powerball,2022,37,21
Powerball,2022,38,7
Powerball,2022,39,17
Powerball,2022,40,8
Powerball,2022,41,10
Powerball,2022,42,11
Powerball,2022,43,6
Powerball,2022,44,12
Powerball,2022,45,11
Powerball,2022,46,11
Powerball,2022,47,13
Powerball,2022,48,10
Powerball,2022,49,9
Powerball,2022,50,10
Powerball,2022,51,13
Powerball,2022,52,9
Powerball,2022,53,6
Powerball,2022,54,7
Powerball,2022,55,16
Powerball,2022,56,16
Powerball,2022,57,9
Powerball,2022,58,12
Powerball,2022,59,14
Powerball,2022,60,8
Powerball,2022,61,16
Powerball,2022,62,14
Powerball,2022,63,16
Powerball,2022,64,10
Powerball,2022,65,14
Powerball,2022,66,8
Powerball,2022,67,11
Powerball,2022,68,11
Powerball,2022,69,15
Powerball,2023,1,12
Powerball,2023,2,17
Powerball,2023,3,13
Powerball,2023,4,14
Powerball,2023,5,8
Powerball,2023,6,6
Powerball,2023,7,4
Powerball,2023,8,7
Powerball,2023,9,16
Powerball,2023,10,10
Powerball,2023,11,15
Powerball,2023,12,15
Powerball,2023,13,5
Powerball,2023,14,9
Powerball,2023,15,10
Powerball,2023,16,11
Powerball,2023,17,11
Powerball,2023,18,10
Powerball,2023,19,16
Powerball,2023,20,13
Powerball,2023,21,16
Powerball,2023,22,10
Powerball,2023,23,11
Powerball,2023,24,21
Powerball,2023,25,13
Powerball,2023,26,16
Powerball,2023,27,17
Powerball,2023,28,11
Powerball,2023,29,5
Powerball,2023,30,10
Powerball,2023,31,11
Powerball,2023,32,10
Powerball,2023,33,15
Powerball,2023,34,12
Powerball,2023,35,14
Powerball,2023,36,12
Powerball,2023,37,12
Powerball,2023,38,14
Powerball,2023,39,13
Powerball,2023,40,7
Powerball,2023,41,6
Powerball,2023,42,10
Powerball,2023,43,10
Powerball,2023,44,9
Powerball,2023,45,9
Powerball,2023,46,14
Powerball,2023,47,17
Powerball,2023,48,8
Powerball,2023,49,6
Powerball,2023,50,10
Powerball,2023,51,9
Powerball,2023,52,8
Powerball,2023,53,9
Powerball,2023,54,11
Powerball,2023,55,10
Powerball,2023,56,6
Powerball,2023,57,9
Powerball,2023,58,13
Powerball,2023,59,7
Powerball,2023,60,10
Powerball,2023,61,13
Powerball,2023,62,11
Powerball,2023,63,16
Powerball,2023,64,16
Powerball,2023,65,9
Powerball,2023,66,15
Powerball,2023,67,11
Powerball,2023,68,16
Powerball,2023,69,10
Powerball,2024,1,4
Powerball,2024,2,1
Powerball,2024,3,3
Powerball,2024,4,5
Powerball,2024,5,1
Powerball,2024,6,5
Powerball,2024,7,7
Powerball,2024,8,1
Powerball,2024,9,1
Powerball,2024,10,1
Powerball,2024,11,3
Powerball,2024,12,5
Powerball,2024,13,4
Powerball,2024,15,1
Powerball,2024,16,4
Powerball,2024,17,3
Powerball,2024,18,3
Powerball,2024,19,4
Powerball,2024,20,1
Powerball,2024,21,4
Powerball,2024,22,3
Powerball,2024,23,4
Powerball,2024,24,5
Powerball,2024,25,3
Powerball,2024,26,1
Powerball,2024,27,7
Powerball,2024,28,4
Powerball,2024,29,4
Powerball,2024,30,4
Powerball,2024,31,4
Powerball,2024,32,1
Powerball,2024,33,4
Powerball,2024,34,4
Powerball,2024,35,2
Powerball,2024,36,5
Powerball,2024,37,2
Powerball,2024,38,5
Powerball,2024,39,3
Powerball,2024,40,5
Powerball,2024,41,6
Powerball,2024,42,5
Powerball,2024,43,7
Powerball,2024,44,8
Powerball,2024,45,3
Powerball,2024,46,1
Powerball,2024,47,3
Powerball,2024,48,2
Powerball,2024,49,4
Powerball,2024,50,6
Powerball,2024,51,3
Powerball,2024,52,5
Powerball,2024,53,5
Powerball,2024,54,5
Powerball,2024,56,2
Powerball,2024,57,2
Powerball,2024,58,3
Powerball,2024,59,4
Powerball,2024,60,2
Powerball,2024,61,4
Powerball,2024,62,4
Powerball,2024,63,2
Powerball,2024,64,2
Powerball,2024,65,4
Powerball,2024,66,5
Powerball,2024,67,5
Powerball,2024,68,3
Powerball,2024,69,4
