Game,Number,Times Drawn,Pool,Drawings,Expected,Lower Band,Upper Band,Deviation,Percent From Expected,Within Chance Band
Mega Millions,1,48,70,675,48.21428571428571,28.141077862290857,68.28749356628056,-0.2142857142857082,-0.4444444444444319,True
Mega Millions,2,46,70,675,48.21428571428571,28.141077862290857,68.28749356628056,-2.214285714285708,-4.592592592592581,True
Mega Millions,3,63,70,675,48.21428571428571,28.141077862290857,68.28749356628056,14.785714285714292,30.666666666666682,True
Mega Millions,4,51,70,675,48.21428571428571,28.141077862290857,68.28749356628056,2.785714285714292,5.777777777777791,True
Mega Millions,5,40,70,675,48.21428571428571,28.141077862290857,68.28749356628056,-8.214285714285708,-17.037037037037024,True
Mega Millions,6,48,70,675,48.21428571428571,28.141077862290857,68.28749356628056,-0.2142857142857082,-0.4444444444444319,True
Mega Millions,7,51,70,675,48.21428571428571,28.141077862290857,68.28749356628056,2.785714285714292,5.777777777777791,True
Mega Millions,8,58,70,675,48.21428571428571,28.141077862290857,68.28749356628056,9.785714285714292,20.296296296296312,True
Mega Millions,9,44,70,675,48.21428571428571,28.141077862290857,68.28749356628056,-4.214285714285708,-8.74074074074073,True
Mega Millions,10,64,70,675,48.21428571428571,28.141077862290857,68.28749356628056,15.785714285714292,32.74074074074076,True
Mega Millions,11,53,70,675,48.21428571428571,28.141077862290857,68.28749356628056,4.785714285714292,9.92592592592594,True
Mega Millions,12,43,70,675,48.21428571428571,28.141077862290857,68.28749356628056,-5.214285714285708,-10.814814814814804,True
Mega Millions,13,46,70,675,48.21428571428571,28.141077862290857,68.28749356628056,-2.214285714285708,-4.592592592592581,True
Mega Millions,14,60,70,675,48.21428571428571,28.141077862290857,68.28749356628056,11.785714285714292,24.44444444444446,True
Mega Millions,15,57,70,675,48.21428571428571,28.141077862290857,68.28749356628056,8.785714285714292,18.222222222222236,True
Mega Millions,16,49,70,675,48.21428571428571,28.141077862290857,68.28749356628056,0.7857142857142918,1.6296296296296424,True
Mega Millions,17,60,70,675,48.21428571428571,28.141077862290857,68.28749356628056,11.785714285714292,24.44444444444446,True
Mega Millions,18,51,70,675,48.21428571428571,28.141077862290857,68.28749356628056,2.785714285714292,5.777777777777791,True
Mega Millions,19,48,70,675,48.21428571428571,28.141077862290857,68.28749356628056,-0.2142857142857082,-0.4444444444444319,True
Mega Millions,20,56,70,675,48.21428571428571,28.141077862290857,68.28749356628056,7.785714285714292,16.148148148148163,True
Mega Millions,21,41,70,675,48.21428571428571,28.141077862290857,68.28749356628056,-7.214285714285708,-14.962962962962953,True
Mega Millions,22,50,70,675,48.21428571428571,28.141077862290857,68.28749356628056,1.7857142857142918,3.7037037037037166,True
Mega Millions,23,39,70,675,48.21428571428571,28.141077862290857,68.28749356628056,-9.214285714285708,-19.1111111111111,True
Mega Millions,24,49,70,675,48.21428571428571,28.141077862290857,68.28749356628056,0.7857142857142918,1.6296296296296424,True
Mega Millions,25,51,70,675,48.21428571428571,28.141077862290857,68.28749356628056,2.785714285714292,5.777777777777791,True
Mega Millions,26,48,70,675,48.21428571428571,28.141077862290857,68.28749356628056,-0.2142857142857082,-0.4444444444444319,True
Mega Millions,27,45,70,675,48.21428571428571,28.141077862290857,68.28749356628056,-3.214285714285708,-6.666666666666655,True
Mega Millions,28,47,70,675,48.21428571428571,28.141077862290857,68.28749356628056,-1.2142857142857082,-2.518518518518506,True
Mega Millions,29,57,70,675,48.21428571428571,28.141077862290857,68.28749356628056,8.785714285714292,18.222222222222236,True
Mega Millions,30,50,70,675,48.21428571428571,28.141077862290857,68.28749356628056,1.7857142857142918,3.7037037037037166,True
Mega Millions,31,59,70,675,48.21428571428571,28.141077862290857,68.28749356628056,10.785714285714292,22.370370370370384,True
Mega Millions,32,46,70,675,48.21428571428571,28.141077862290857,68.28749356628056,-2.214285714285708,-4.592592592592581,True
Mega Millions,33,49,70,675,48.21428571428571,28.141077862290857,68.28749356628056,0.7857142857142918,1.6296296296296424,True
Mega Millions,34,46,70,675,48.21428571428571,28.141077862290857,68.28749356628056,-2.214285714285708,-4.592592592592581,True
Mega Millions,35,39,70,675,48.21428571428571,28.141077862290857,68.28749356628056,-9.214285714285708,-19.1111111111111,True
Mega Millions,36,41,70,675,48.21428571428571,28.141077862290857,68.28749356628056,-7.214285714285708,-14.962962962962953,True
Mega Millions,37,47,70,675,48.21428571428571,28.141077862290857,68.28749356628056,-1.2142857142857082,-2.518518518518506,True
Mega Millions,38,58,70,675,48.21428571428571,28.141077862290857,68.28749356628056,9.785714285714292,20.296296296296312,True
Mega Millions,39,44,70,675,48.21428571428571,28.141077862290857,68.28749356628056,-4.214285714285708,-8.74074074074073,True
Mega Millions,40,49,70,675,48.21428571428571,28.141077862290857,68.28749356628056,0.7857142857142918,1.6296296296296424,True
Mega Millions,41,43,70,675,48.21428571428571,28.141077862290857,68.28749356628056,-5.214285714285708,-10.814814814814804,True
Mega Millions,42,53,70,675,48.21428571428571,28.141077862290857,68.28749356628056,4.785714285714292,9.92592592592594,True
Mega Millions,43,53,70,675,48.21428571428571,28.141077862290857,68.28749356628056,4.785714285714292,9.92592592592594,True
Mega Millions,44,54,70,675,48.21428571428571,28.141077862290857,68.28749356628056,5.785714285714292,12.000000000000014,True
Mega Millions,45,42,70,675,48.21428571428571,28.141077862290857,68.28749356628056,-6.214285714285708,-12.888888888888877,True
Mega Millions,46,59,70,675,48.21428571428571,28.141077862290857,68.28749356628056,10.785714285714292,22.370370370370384,True
Mega Millions,47,44,70,675,48.21428571428571,28.141077862290857,68.28749356628056,-4.214285714285708,-8.74074074074073,True
Mega Millions,48,48,70,675,48.21428571428571,28.141077862290857,68.28749356628056,-0.2142857142857082,-0.4444444444444319,True
Mega Millions,49,34,70,675,48.21428571428571,28.141077862290857,68.28749356628056,-14.214285714285708,-29.481481481481474,True
Mega Millions,50,39,70,675,48.21428571428571,28.141077862290857,68.28749356628056,-9.214285714285708,-19.1111111111111,True
Mega Millions,51,35,70,675,48.21428571428571,28.141077862290857,68.28749356628056,-13.214285714285708,-27.407407407407398,True
Mega Millions,52,46,70,675,48.21428571428571,28.141077862290857,68.28749356628056,-2.214285714285708,-4.592592592592581,True
Mega Millions,53,51,70,675,48.21428571428571,28.141077862290857,68.28749356628056,2.785714285714292,5.777777777777791,True
Mega Millions,54,42,70,675,48.21428571428571,28.141077862290857,68.28749356628056,-6.214285714285708,-12.888888888888877,True
Mega Millions,55,40,70,675,48.21428571428571,28.141077862290857,68.28749356628056,-8.214285714285708,-17.037037037037024,True
Mega Millions,56,42,70,675,48.21428571428571,28.141077862290857,68.28749356628056,-6.214285714285708,-12.888888888888877,True
Mega Millions,57,47,70,675,48.21428571428571,28.141077862290857,68.28749356628056,-1.2142857142857082,-2.518518518518506,True
Mega Millions,58,52,70,675,48.21428571428571,28.141077862290857,68.28749356628056,3.785714285714292,7.851851851851865,True
Mega Millions,59,53,70,675,48.21428571428571,28.141077862290857,68.28749356628056,4.785714285714292,9.92592592592594,True
Mega Millions,60,42,70,675,48.21428571428571,28.141077862290857,68.28749356628056,-6.214285714285708,-12.888888888888877,True
Mega Millions,61,52,70,675,48.21428571428571,28.141077862290857,68.28749356628056,3.785714285714292,7.851851851851865,True
Mega Millions,62,50,70,675,48.21428571428571,28.141077862290857,68.28749356628056,1.7857142857142918,3.7037037037037166,True
Mega Millions,63,42,70,675,48.21428571428571,28.141077862290857,68.28749356628056,-6.214285714285708,-12.888888888888877,True
Mega Millions,64,58,70,675,48.21428571428571,28.141077862290857,68.28749356628056,9.785714285714292,20.296296296296312,True
Mega Millions,65,36,70,675,48.21428571428571,28.141077862290857,68.28749356628056,-12.214285714285708,-25.333333333333325,True
Mega Millions,66,51,70,675,48.21428571428571,28.141077862290857,68.28749356628056,2.785714285714292,5.777777777777791,True
Mega Millions,67,40,70,675,48.21428571428571,28.141077862290857,68.28749356628056,-8.214285714285708,-17.037037037037024,True
Mega Millions,68,45,70,675,48.21428571428571,28.141077862290857,68.28749356628056,-3.214285714285708,-6.666666666666655,True
Mega Millions,69,43,70,675,48.21428571428571,28.141077862290857,68.28749356628056,-5.214285714285708,-10.814814814814804,True
Mega Millions,70,48,70,675,48.21428571428571,28.141077862290857,68.28749356628056,-0.2142857142857082,-0.4444444444444319,True
Pick 10,1,3374,80,13570,3392.5,3241.1746055680014,3543.8253944319986,-18.5,-0.5453205600589536,True
Pick 10,2,3426,80,13570,3392.5,3241.1746055680014,3543.8253944319986,33.5,0.9874723655121592,True
Pick 10,3,3442,80,13570,3392.5,3241.1746055680014,3543.8253944319986,49.5,1.4591009579955785,True
Pick 10,4,3447,80,13570,3392.5,3241.1746055680014,3543.8253944319986,54.5,1.6064848931466469,True
Pick 10,5,3354,80,13570,3392.5,3241.1746055680014,3543.8253944319986,-38.5,-1.1348563006632277,True
Pick 10,6,3427,80,13570,3392.5,3241.1746055680014,3543.8253944319986,34.5,1.0169491525423728,True
Pick 10,7,3286,80,13570,3392.5,3241.1746055680014,3543.8253944319986,-106.5,-3.1392778187177597,True
Pick 10,8,3430,80,13570,3392.5,3241.1746055680014,3543.8253944319986,37.5,1.105379513633014,True
Pick 10,9,3489,80,13570,3392.5,3241.1746055680014,3543.8253944319986,96.5,2.844509948415623,True
Pick 10,10,3431,80,13570,3392.5,3241.1746055680014,3543.8253944319986,38.5,1.1348563006632277,True
Pick 10,11,3349,80,13570,3392.5,3241.1746055680014,3543.8253944319986,-43.5,-1.2822402358142961,True
Pick 10,12,3323,80,13570,3392.5,3241.1746055680014,3543.8253944319986,-69.5,-2.0486366985998523,True
Pick 10,13,3344,80,13570,3392.5,3241.1746055680014,3543.8253944319986,-48.5,-1.4296241709653648,True
Pick 10,14,3444,80,13570,3392.5,3241.1746055680014,3543.8253944319986,51.5,1.518054532056006,True
Pick 10,15,3447,80,13570,3392.5,3241.1746055680014,3543.8253944319986,54.5,1.6064848931466469,True
Pick 10,16,3445,80,13570,3392.5,3241.1746055680014,3543.8253944319986,52.5,1.5475313190862197,True
Pick 10,17,3360,80,13570,3392.5,3241.1746055680014,3543.8253944319986,-32.5,-0.9579955784819455,True
Pick 10,18,3420,80,13570,3392.5,3241.1746055680014,3543.8253944319986,27.5,0.8106116433308769,True
Pick 10,19,3362,80,13570,3392.5,3241.1746055680014,3543.8253944319986,-30.5,-0.899042004421518,True
Pick 10,20,3371,80,13570,3392.5,3241.1746055680014,3543.8253944319986,-21.5,-0.6337509211495947,True
Pick 10,21,3438,80,13570,3392.5,3241.1746055680014,3543.8253944319986,45.5,1.3411938098747236,True
Pick 10,22,3348,80,13570,3392.5,3241.1746055680014,3543.8253944319986,-44.5,-1.3117170228445099,True
Pick 10,23,3456,80,13570,3392.5,3241.1746055680014,3543.8253944319986,63.5,1.8717759764185704,True
Pick 10,24,3437,80,13570,3392.5,3241.1746055680014,3543.8253944319986,44.5,1.3117170228445099,True
Pick 10,25,3250,80,13570,3392.5,3241.1746055680014,3543.8253944319986,-142.5,-4.200442151805453,True
Pick 10,26,3422,80,13570,3392.5,3241.1746055680014,3543.8253944319986,29.5,0.8695652173913043,True
Pick 10,27,3398,80,13570,3392.5,3241.1746055680014,3543.8253944319986,5.5,0.16212232866617537,True
Pick 10,28,3379,80,13570,3392.5,3241.1746055680014,3543.8253944319986,-13.5,-0.397936624907885,True
Pick 10,29,3386,80,13570,3392.5,3241.1746055680014,3543.8253944319986,-6.5,-0.1915991156963891,True
Pick 10,30,3465,80,13570,3392.5,3241.1746055680014,3543.8253944319986,72.5,2.1370670596904935,True
Pick 10,31,3407,80,13570,3392.5,3241.1746055680014,3543.8253944319986,14.5,0.42741341193809873,True
Pick 10,32,3403,80,13570,3392.5,3241.1746055680014,3543.8253944319986,10.5,0.30950626381724394,True
Pick 10,33,3385,80,13570,3392.5,3241.1746055680014,3543.8253944319986,-7.5,-0.2210759027266028,True
Pick 10,34,3378,80,13570,3392.5,3241.1746055680014,3543.8253944319986,-14.5,-0.42741341193809873,True
Pick 10,35,3393,80,13570,3392.5,3241.1746055680014,3543.8253944319986,0.5,0.014738393515106854,True
Pick 10,36,3385,80,13570,3392.5,3241.1746055680014,3543.8253944319986,-7.5,-0.2210759027266028,True
Pick 10,37,3365,80,13570,3392.5,3241.1746055680014,3543.8253944319986,-27.5,-0.8106116433308769,True
Pick 10,38,3433,80,13570,3392.5,3241.1746055680014,3543.8253944319986,40.5,1.1938098747236552,True
Pick 10,39,3414,80,13570,3392.5,3241.1746055680014,3543.8253944319986,21.5,0.6337509211495947,True
Pick 10,40,3346,80,13570,3392.5,3241.1746055680014,3543.8253944319986,-46.5,-1.3706705969049373,True
Pick 10,41,3416,80,13570,3392.5,3241.1746055680014,3543.8253944319986,23.5,0.6927044952100221,True
Pick 10,42,3353,80,13570,3392.5,3241.1746055680014,3543.8253944319986,-39.5,-1.1643330876934415,True
Pick 10,43,3402,80,13570,3392.5,3241.1746055680014,3543.8253944319986,9.5,0.2800294767870302,True
Pick 10,44,3373,80,13570,3392.5,3241.1746055680014,3543.8253944319986,-19.5,-0.5747973470891673,True
Pick 10,45,3394,80,13570,3392.5,3241.1746055680014,3543.8253944319986,1.5,0.04421518054532056,True
Pick 10,46,3408,80,13570,3392.5,3241.1746055680014,3543.8253944319986,15.5,0.45689019896831246,True
Pick 10,47,3330,80,13570,3392.5,3241.1746055680014,3543.8253944319986,-62.5,-1.8422991893883567,True
Pick 10,48,3308,80,13570,3392.5,3241.1746055680014,3543.8253944319986,-84.5,-2.490788504053058,True
Pick 10,49,3385,80,13570,3392.5,3241.1746055680014,3543.8253944319986,-7.5,-0.2210759027266028,True
Pick 10,50,3380,80,13570,3392.5,3241.1746055680014,3543.8253944319986,-12.5,-0.36845983787767134,True
Pick 10,51,3357,80,13570,3392.5,3241.1746055680014,3543.8253944319986,-35.5,-1.0464259395725866,True
Pick 10,52,3465,80,13570,3392.5,3241.1746055680014,3543.8253944319986,72.5,2.1370670596904935,True
Pick 10,53,3426,80,13570,3392.5,3241.1746055680014,3543.8253944319986,33.5,0.9874723655121592,True
Pick 10,54,3371,80,13570,3392.5,3241.1746055680014,3543.8253944319986,-21.5,-0.6337509211495947,True
Pick 10,55,3328,80,13570,3392.5,3241.1746055680014,3543.8253944319986,-64.5,-1.9012527634487841,True
Pick 10,56,3356,80,13570,3392.5,3241.1746055680014,3543.8253944319986,-36.5,-1.0759027266028003,True
Pick 10,57,3462,80,13570,3392.5,3241.1746055680014,3543.8253944319986,69.5,2.0486366985998523,True
Pick 10,58,3541,80,13570,3392.5,3241.1746055680014,3543.8253944319986,148.5,4.377302873986736,True
Pick 10,59,3374,80,13570,3392.5,3241.1746055680014,3543.8253944319986,-18.5,-0.5453205600589536,True
Pick 10,60,3379,80,13570,3392.5,3241.1746055680014,3543.8253944319986,-13.5,-0.397936624907885,True
Pick 10,61,3384,80,13570,3392.5,3241.1746055680014,3543.8253944319986,-8.5,-0.2505526897568165,True
Pick 10,62,3450,80,13570,3392.5,3241.1746055680014,3543.8253944319986,57.5,1.694915254237288,True
Pick 10,63,3421,80,13570,3392.5,3241.1746055680014,3543.8253944319986,28.5,0.8400884303610906,True
Pick 10,64,3403,80,13570,3392.5,3241.1746055680014,3543.8253944319986,10.5,0.30950626381724394,True
Pick 10,65,3352,80,13570,3392.5,3241.1746055680014,3543.8253944319986,-40.5,-1.1938098747236552,True
Pick 10,66,3330,80,13570,3392.5,3241.1746055680014,3543.8253944319986,-62.5,-1.8422991893883567,True
Pick 10,67,3309,80,13570,3392.5,3241.1746055680014,3543.8253944319986,-83.5,-2.4613117170228445,True
Pick 10,68,3453,80,13570,3392.5,3241.1746055680014,3543.8253944319986,60.5,1.7833456153279292,True
Pick 10,69,3401,80,13570,3392.5,3241.1746055680014,3543.8253944319986,8.5,0.2505526897568165,True
Pick 10,70,3325,80,13570,3392.5,3241.1746055680014,3543.8253944319986,-67.5,-1.989683124539425,True
Pick 10,71,3344,80,13570,3392.5,3241.1746055680014,3543.8253944319986,-48.5,-1.4296241709653648,True
Pick 10,72,3448,80,13570,3392.5,3241.1746055680014,3543.8253944319986,55.5,1.6359616801768606,True
Pick 10,73,3349,80,13570,3392.5,3241.1746055680014,3543.8253944319986,-43.5,-1.2822402358142961,True
Pick 10,74,3425,80,13570,3392.5,3241.1746055680014,3543.8253944319986,32.5,0.9579955784819455,True
Pick 10,75,3292,80,13570,3392.5,3241.1746055680014,3543.8253944319986,-100.5,-2.962417096536478,True
Pick 10,76,3394,80,13570,3392.5,3241.1746055680014,3543.8253944319986,1.5,0.04421518054532056,True
Pick 10,77,3339,80,13570,3392.5,3241.1746055680014,3543.8253944319986,-53.5,-1.5770081061164332,True
Pick 10,78,3469,80,13570,3392.5,3241.1746055680014,3543.8253944319986,76.5,2.2549742078113484,True
Pick 10,79,3407,80,13570,3392.5,3241.1746055680014,3543.8253944319986,14.5,0.42741341193809873,True
Pick 10,80,3438,80,13570,3392.5,3241.1746055680014,3543.8253944319986,45.5,1.3411938098747236,True
Powerball,1,72,69,1026,74.34782608695653,49.435124063346116,99.26052811056695,-2.3478260869565304,-3.1578947368421164,True
Powerball,2,76,69,1026,74.34782608695653,49.435124063346116,99.26052811056695,1.6521739130434696,2.2222222222222103,True
Powerball,3,81,69,1026,74.34782608695653,49.435124063346116,99.26052811056695,6.65217391304347,8.94736842105262,True
Powerball,4,66,69,1026,74.34782608695653,49.435124063346116,99.26052811056695,-8.34782608695653,-11.228070175438607,True
Powerball,5,63,69,1026,74.34782608695653,49.435124063346116,99.26052811056695,-11.34782608695653,-15.263157894736851,True
Powerball,6,76,69,1026,74.34782608695653,49.435124063346116,99.26052811056695,1.6521739130434696,2.2222222222222103,True
Powerball,7,68,69,1026,74.34782608695653,49.435124063346116,99.26052811056695,-6.34782608695653,-8.538011695906443,True
Powerball,8,67,69,1026,74.34782608695653,49.435124063346116,99.26052811056695,-7.34782608695653,-9.883040935672526,True
Powerball,9,67,69,1026,74.34782608695653,49.435124063346116,99.26052811056695,-7.34782608695653,-9.883040935672526,True
Powerball,10,75,69,1026,74.34782608695653,49.435124063346116,99.26052811056695,0.6521739130434696,0.8771929824561286,True
Powerball,11,72,69,1026,74.34782608695653,49.435124063346116,99.26052811056695,-2.3478260869565304,-3.1578947368421164,True
Powerball,12,78,69,1026,74.34782608695653,49.435124063346116,99.26052811056695,3.6521739130434696,4.912280701754374,True
Powerball,13,55,69,1026,74.34782608695653,49.435124063346116,99.26052811056695,-19.34782608695653,-26.023391812865505,True
Powerball,14,69,69,1026,74.34782608695653,49.435124063346116,99.26052811056695,-5.34782608695653,-7.192982456140362,True
Powerball,15,72,69,1026,74.34782608695653,49.435124063346116,99.26052811056695,-2.3478260869565304,-3.1578947368421164,True
Powerball,16,76,69,1026,74.34782608695653,49.435124063346116,99.26052811056695,1.6521739130434696,2.2222222222222103,True
Powerball,17,75,69,1026,74.34782608695653,49.435124063346116,99.26052811056695,0.6521739130434696,0.8771929824561286,True
Powerball,18,72,69,1026,74.34782608695653,49.435124063346116,99.26052811056695,-2.3478260869565304,-3.1578947368421164,True
Powerball,19,78,69,1026,74.34782608695653,49.435124063346116,99.26052811056695,3.6521739130434696,4.912280701754374,True
Powerball,20,79,69,1026,74.34782608695653,49.435124063346116,99.26052811056695,4.65217391304347,6.257309941520456,True
Powerball,21,93,69,1026,74.34782608695653,49.435124063346116,99.26052811056695,18.65217391304347,25.0877192982456,True
Powerball,22,73,69,1026,74.34782608695653,49.435124063346116,99.26052811056695,-1.3478260869565304,-1.8128654970760347,True
Powerball,23,86,69,1026,74.34782608695653,49.435124063346116,99.26052811056695,11.65217391304347,15.672514619883026,True
Powerball,24,75,69,1026,74.34782608695653,49.435124063346116,99.26052811056695,0.6521739130434696,0.8771929824561286,True
Powerball,25,68,69,1026,74.34782608695653,49.435124063346116,99.26052811056695,-6.34782608695653,-8.538011695906443,True
Powerball,26,61,69,1026,74.34782608695653,49.435124063346116,99.26052811056695,-13.34782608695653,-17.953216374269015,True
Powerball,27,89,69,1026,74.34782608695653,49.435124063346116,99.26052811056695,14.65217391304347,19.707602339181275,True
Powerball,28,83,69,1026,74.34782608695653,49.435124063346116,99.26052811056695,8.65217391304347,11.637426900584783,True
Powerball,29,62,69,1026,74.34782608695653,49.435124063346116,99.26052811056695,-12.34782608695653,-16.608187134502934,True
Powerball,30,72,69,1026,74.34782608695653,49.435124063346116,99.26052811056695,-2.3478260869565304,-3.1578947368421164,True
Powerball,31,67,69,1026,74.34782608695653,49.435124063346116,99.26052811056695,-7.34782608695653,-9.883040935672526,True
Powerball,32,89,69,1026,74.34782608695653,49.435124063346116,99.26052811056695,14.65217391304347,19.707602339181275,True
Powerball,33,83,69,1026,74.34782608695653,49.435124063346116,99.26052811056695,8.65217391304347,11.637426900584783,True
Powerball,34,62,69,1026,74.34782608695653,49.435124063346116,99.26052811056695,-12.34782608695653,-16.608187134502934,True
Powerball,35,64,69,1026,74.34782608695653,49.435124063346116,99.26052811056695,-10.34782608695653,-13.91812865497077,True
Powerball,36,89,69,1026,74.34782608695653,49.435124063346116,99.26052811056695,14.65217391304347,19.707602339181275,True
Powerball,37,82,69,1026,74.34782608695653,49.435124063346116,99.26052811056695,7.65217391304347,10.2923976608187,True
Powerball,38,72,69,1026,74.34782608695653,49.435124063346116,99.26052811056695,-2.3478260869565304,-3.1578947368421164,True
Powerball,39,84,69,1026,74.34782608695653,49.435124063346116,99.26052811056695,9.65217391304347,12.982456140350864,True
Powerball,40,74,69,1026,74.34782608695653,49.435124063346116,99.26052811056695,-0.3478260869565304,-0.46783625730995304,True
Powerball,41,73,69,1026,74.34782608695653,49.435124063346116,99.26052811056695,-1.3478260869565304,-1.8128654970760347,True
Powerball,42,72,69,1026,74.34782608695653,49.435124063346116,99.26052811056695,-2.3478260869565304,-3.1578947368421164,True
Powerball,43,67,69,1026,74.34782608695653,49.435124063346116,99.26052811056695,-7.34782608695653,-9.883040935672526,True
Powerball,44,79,69,1026,74.34782608695653,49.435124063346116,99.26052811056695,4.65217391304347,6.257309941520456,True
Powerball,45,72,69,1026,74.34782608695653,49.435124063346116,99.26052811056695,-2.3478260869565304,-3.1578947368421164,True
Powerball,46,63,69,1026,74.34782608695653,49.435124063346116,99.26052811056695,-11.34782608695653,-15.263157894736851,True
Powerball,47,82,69,1026,74.34782608695653,49.435124063346116,99.26052811056695,7.65217391304347,10.2923976608187,True
Powerball,48,64,69,1026,74.34782608695653,49.435124063346116,99.26052811056695,-10.34782608695653,-13.91812865497077,True
Powerball,49,58,69,1026,74.34782608695653,49.435124063346116,99.26052811056695,-16.34782608695653,-21.98830409356726,True
Powerball,50,75,69,1026,74.34782608695653,49.435124063346116,99.26052811056695,0.6521739130434696,0.8771929824561286,True
Powerball,51,65,69,1026,74.34782608695653,49.435124063346116,99.26052811056695,-9.34782608695653,-12.57309941520469,True
Powerball,52,72,69,1026,74.34782608695653,49.435124063346116,99.26052811056695,-2.3478260869565304,-3.1578947368421164,True
Powerball,53,80,69,1026,74.34782608695653,49.435124063346116,99.26052811056695,5.65217391304347,7.602339181286537,True
Powerball,54,74,69,1026,74.34782608695653,49.435124063346116,99.26052811056695,-0.3478260869565304,-0.46783625730995304,True
Powerball,55,68,69,1026,74.34782608695653,49.435124063346116,99.26052811056695,-6.34782608695653,-8.538011695906443,True
Powerball,56,74,69,1026,74.34782608695653,49.435124063346116,99.26052811056695,-0.3478260869565304,-0.46783625730995304,True
Powerball,57,70,69,1026,74.34782608695653,49.435124063346116,99.26052811056695,-4.34782608695653,-5.84795321637428,True
Powerball,58,68,69,1026,74.34782608695653,49.435124063346116,99.26052811056695,-6.34782608695653,-8.538011695906443,True
Powerball,59,82,69,1026,74.34782608695653,49.435124063346116,99.26052811056695,7.65217391304347,10.2923976608187,True
Powerball,60,65,69,1026,74.34782608695653,49.435124063346116,99.26052811056695,-9.34782608695653,-12.57309941520469,True
Powerball,61,97,69,1026,74.34782608695653,49.435124063346116,99.26052811056695,22.65217391304347,30.467836257309926,True
Powerball,62,84,69,1026,74.34782608695653,49.435124063346116,99.26052811056695,9.65217391304347,12.982456140350864,True
Powerball,63,92,69,1026,74.34782608695653,49.435124063346116,99.26052811056695,17.65217391304347,23.742690058479518,True
Powerball,64,84,69,1026,74.34782608695653,49.435124063346116,99.26052811056695,9.65217391304347,12.982456140350864,True
Powerball,65,68,69,1026,74.34782608695653,49.435124063346116,99.26052811056695,-6.34782608695653,-8.538011695906443,True
Powerball,66,75,69,1026,74.34782608695653,49.435124063346116,99.26052811056695,0.6521739130434696,0.8771929824561286,True
Powerball,67,77,69,1026,74.34782608695653,49.435124063346116,99.26052811056695,2.6521739130434696,3.567251461988292,True
Powerball,68,79,69,1026,74.34782608695653,49.435124063346116,99.26052811056695,4.65217391304347,6.257309941520456,True
Powerball,69,86,69,1026,74.34782608695653,49.435124063346116,99.26052811056695,11.65217391304347,15.672514619883026,True
